Family,Event_Type,Definition,Basin_Name,Mean_Abs_Delta_CC_mean,Mean_Abs_Delta_CC_std,Mean_Abs_Delta_CC_min,Mean_Abs_Delta_CC_max,Mean_Abs_Delta_HA_mean,Mean_Abs_Delta_HA_std,Mean_Abs_Delta_HA_min,Mean_Abs_Delta_HA_max,DIndex_mean,DIndex_std,DIndex_min,DIndex_max,Model_Count,Pooled_DIndex,Climate_Dominant_Model_Count,Human_Dominant_Model_Count
Event_Definition,Drought,T05_D10,CSL,0.7601779929068664,1.0178587550526874,0.16181614520153656,2.983280124256506,0.4117106834804365,0.6862828582807396,0.05398282438543256,1.9552614658680063,0.6620395137015358,0.16021487512285335,0.5024944393583314,0.9475971676191506,7,0.648677650210208,7,0
Event_Definition,Drought,T05_D10,PSE,0.10760796680205155,0.023792442040259234,0.08423804256362437,0.15620982268462233,0.05994609237848351,0.04504303377963096,0.007196477009981409,0.14110350912872038,0.6807230853685582,0.15138945123837994,0.5254047026141866,0.933984510076875,7,0.6422283490375296,7,0
Event_Definition,Drought,T05_D10,SWRB,0.5605394730632296,0.7752065671109885,0.1540259413683163,2.3116068721120717,0.04554994888105558,0.03046908854732699,0.01194232581379518,0.09358955957760384,0.8782042492137838,0.10322968654538028,0.7132640827587038,0.9628885858832523,7,0.9248461576264851,7,0
Event_Definition,Drought,T05_D10,YHH,0.36336866322161804,0.49260666099010975,0.09622539757298508,1.4604833775637527,0.39904523113814944,0.523714632145459,0.01614167418033719,1.5433477725689262,0.5206657779046594,0.17408924250498278,0.3776548005364225,0.8563487156115204,7,0.47660288710603144,2,5
Event_Definition,Drought,T05_D10,YZR,0.16236238693010785,0.06579252745790874,0.09745920677586892,0.28079762303766015,0.06664429035375129,0.04078329656748016,0.012025781226090463,0.11658525674141502,0.7223583166947444,0.12589387445392877,0.49723429379440465,0.9190073656324859,7,0.7089853835521829,6,1
Event_Definition,Drought,T05_D20,CSL,0.749276879157472,0.8800028377604202,0.20300600607019553,2.667350928606563,0.39241869809055807,0.5737527408893681,0.05201002073119773,1.6753183265355278,0.6630729478876463,0.16462200989290804,0.49675221653985946,0.9466509241206469,7,0.6562842968732056,6,1
Event_Definition,Drought,T05_D20,PSE,0.13080198895272743,0.02678472169278979,0.11174952814966738,0.1890475881001715,0.07210107216062576,0.05563633629823302,0.007605715187166579,0.17352413884907575,0.685502694730091,0.1540761225596528,0.5214074183082521,0.9412183617393168,7,0.6446526150714601,7,0
Event_Definition,Drought,T05_D20,SWRB,0.7499105537506623,1.1547314441698215,0.21528526910049972,3.3613892309195563,0.06294029744172398,0.04116773289260996,0.016630105636446926,0.12790002220513202,0.8646768041441464,0.10870100361385,0.7078576739574703,0.9633449642815951,7,0.9225684547793784,7,0
Event_Definition,Drought,T05_D20,YHH,0.3968260386727933,0.4578370409534592,0.13354336557362617,1.409224716850876,0.434091235996175,0.5232228996029469,0.020696175250219603,1.57379005272474,0.528053411412408,0.17175739595274878,0.3817842936201188,0.8658179663938682,7,0.4775758679838327,2,5
Event_Definition,Drought,T05_D20,YZR,0.20216800325005993,0.09559113366001476,0.12198510091001225,0.37911175071481146,0.0815408004669447,0.050831198523924814,0.012614983498017335,0.1443997815522365,0.7237591308694581,0.13345892022901323,0.4832633492996759,0.9274874042429435,7,0.7125898125167788,6,1
Event_Definition,Drought,T05_D30,CSL,0.7961744228531894,0.8325984892730118,0.24196100456367045,2.590826919111085,0.3888985016800416,0.4946630239969718,0.05679218161461509,1.4811000277889745,0.6682676893486689,0.16968057307914497,0.487228022903584,0.941674576606565,7,0.6718358055195477,6,1
Event_Definition,Drought,T05_D30,PSE,0.15611124814541075,0.032780422973831165,0.13370558229658427,0.22768117064711638,0.08086413825538977,0.06278478820601177,0.006709171471463088,0.1940623774703947,0.699112064989383,0.15458822636076047,0.5398569146188271,0.9540118990354853,7,0.6587656655673815,7,0
Event_Definition,Drought,T05_D30,SWRB,0.9095008209223641,1.39108816757405,0.297531839981682,4.053932177324426,0.07348261705526228,0.04151626005245185,0.018562674972342857,0.1216962143225375,0.8684763508300476,0.09693432363545011,0.7338100183334068,0.9708555927615633,7,0.9252453152146244,7,0
Event_Definition,Drought,T05_D30,YHH,0.402693280470198,0.35580795768731394,0.182271857927578,1.1544571084101183,0.4607370658934542,0.45043866965734625,0.025189672927252688,1.3924164865719868,0.5184374364177334,0.18178872966075196,0.3673219902474921,0.8785814756911298,7,0.46638768508212136,3,4
Event_Definition,Drought,T05_D30,YZR,0.24746774430305976,0.12887754165266627,0.13724797774003586,0.48745650414673347,0.09245114758903179,0.05319104719018179,0.014170311443519748,0.16571668511642906,0.7294065596867801,0.1307028413782283,0.497579450440001,0.9327527362133965,7,0.7280199783118241,6,1
Event_Definition,Drought,T08_D10,CSL,1.1594832757530358,1.698582288034229,0.21294387911463825,4.928515965418235,0.5910136943203438,0.8365103720130544,0.042937420428059654,2.3362637701268025,0.6502861144550147,0.2213987627370661,0.31035548798902673,0.9670381568251184,7,0.6623737690356762,5,2
Event_Definition,Drought,T08_D10,PSE,0.14463841646348954,0.035943589169836976,0.11111672609340693,0.21581802973955275,0.08715423561509929,0.06803718135777648,0.008134416304825798,0.20041703835450841,0.6705856571358498,0.16696673167856332,0.5136640282756563,0.9403430013748258,7,0.6239991439178588,7,0
Event_Definition,Drought,T08_D10,SWRB,1.3718269446806535,2.7281216864591964,0.21392578566757595,7.551233277320097,0.056069856954773074,0.03284202339691986,0.01917094647672538,0.10129567708332542,0.8772123091049621,0.10665347320953661,0.7239128207706961,0.9867631109026986,7,0.9607325565191027,7,0
Event_Definition,Drought,T08_D10,YHH,0.5372106964497283,0.6633164032456219,0.13435224028266265,1.9665443521314925,0.6261382998638553,0.7953489365458746,0.01933908293423409,2.3386731396767675,0.5169379518700399,0.18298676094269964,0.36014226525258575,0.8741693250506938,7,0.46177948161045373,2,5
Event_Definition,Drought,T08_D10,YZR,0.20864535734265058,0.09351730429797085,0.1311509842999604,0.365067292291001,0.08718697053308103,0.053282899942924386,0.013360909841712454,0.1444565622631307,0.7189572387167729,0.13294523822732143,0.48221237640413295,0.9226977486127598,7,0.7052824782229172,6,1
Event_Definition,Drought,T08_D20,CSL,1.195723967600273,1.471538785869063,0.2680085945306185,4.422663023561594,0.5641325417626872,0.6892252187223522,0.05441031878465832,1.949304615067607,0.6598358772137763,0.214462672992577,0.3454373333825345,0.9596375516567218,7,0.6794440121900085,5,2
Event_Definition,Drought,T08_D20,PSE,0.18294052943340697,0.03646609128134727,0.14237256517236743,0.24611893888749053,0.10913500804079172,0.08074905431397365,0.007950815730275495,0.23210930827425538,0.6697070774734198,0.1687350379742308,0.5146474311130526,0.9551693852585572,7,0.6263466328451678,7,0
Event_Definition,Drought,T08_D20,SWRB,1.3388971019158222,2.4764499511588096,0.275774809972786,6.942659000739824,0.07815705656066717,0.042495161145195984,0.02090770568965781,0.12437606838186734,0.8587905420454541,0.11463663930596617,0.6891770701759327,0.9829963440467644,7,0.9448453991026738,7,0
Event_Definition,Drought,T08_D20,YHH,0.5333118498227648,0.5047363045693442,0.19789337521647934,1.6288750140073913,0.6289445893975135,0.6267236030334765,0.02635750283473016,1.9206852786058,0.5149413603407466,0.1828826267914678,0.37338915678271123,0.8824642156865437,7,0.4588590192544316,2,5
Event_Definition,Drought,T08_D20,YZR,0.2684785531738331,0.12846797147315592,0.15919431916222757,0.4840312127110605,0.10757319871626474,0.06304844246133372,0.016139777854777923,0.18407550510159434,0.7229940395009169,0.1288613805428502,0.495903662744692,0.9252178336923623,7,0.7139404399113043,6,1
Event_Definition,Drought,T08_D30,CSL,1.2713184080426252,1.304563595155565,0.3324159651251341,4.038175858226166,0.5525269603265218,0.5783203804025892,0.05615107859244188,1.6213389191383978,0.6726058121126892,0.20350879711302752,0.3942051570766103,0.9617045404072586,7,0.6970538347663856,5,2
Event_Definition,Drought,T08_D30,PSE,0.2276535297530298,0.0577223423400297,0.18204046838623794,0.3404447399513117,0.1278731900950858,0.10071765206082342,0.007099466657068789,0.30412731080404704,0.6829411032360323,0.16714198121911406,0.5281717374378125,0.9672147393056979,7,0.6403274832628207,7,0
Event_Definition,Drought,T08_D30,SWRB,1.633257314171457,2.9671193603790393,0.3534482506242651,8.344495566178129,0.10863715531724025,0.05196197463492535,0.026619236001795055,0.16410723868861188,0.848633655653754,0.10664130694546438,0.6835296901538883,0.9830400359378059,7,0.9376327571961757,7,0
Event_Definition,Drought,T08_D30,YHH,0.6120782432366763,0.5022499695069504,0.275158770062333,1.5818487572009383,0.7079687607124987,0.5813594923462598,0.04000327297982748,1.7639016063162698,0.5070466938287231,0.19293664010329825,0.3000557767949677,0.8730707778332428,7,0.4636791276413084,2,5
Event_Definition,Drought,T08_D30,YZR,0.3489689306743725,0.21110250901923655,0.18529655403983392,0.7573236131507011,0.13489542158069076,0.0775928115753893,0.0161109620664221,0.229209596373323,0.7213052297278492,0.13434884903235395,0.5024736356293152,0.9375730279855131,7,0.7212123171463098,7,0
Event_Definition,Drought,T10_D10,CSL,1.4281105084709222,1.9496737730315346,0.25331637477495106,5.740164753635934,0.6697104691637684,0.8471115538315942,0.05050121259849217,2.221329039286374,0.6610781697658499,0.23798011310603684,0.2881955330023068,0.9664393670343445,7,0.6807589988356051,5,2
Event_Definition,Drought,T10_D10,PSE,0.1971892972845941,0.06348898268956833,0.130754256797173,0.2948680475439985,0.11337627674757685,0.08843468262299803,0.009267596387248058,0.25084552010726885,0.6789813267350178,0.16305529648892647,0.5242186116660936,0.9457627933544618,7,0.6349361093839964,7,0
Event_Definition,Drought,T10_D10,SWRB,1.7845196106173902,3.6272791443202013,0.21564274181032067,9.99249451530857,0.07381839816164106,0.04282155804016229,0.021506251201125526,0.14237445868393633,0.8651755184215527,0.11400393221432552,0.6794452595111685,0.9859520178258556,7,0.9602771950996464,7,0
Event_Definition,Drought,T10_D10,YHH,0.6402707653613421,0.7640321975384871,0.17749774905645574,2.313194291903433,0.7369442496357271,0.8418959528581469,0.02202925212763147,2.5187762528996815,0.5151039562522074,0.1914718229815732,0.34252484120807203,0.8895926265773579,7,0.4649025449106831,2,5
Event_Definition,Drought,T10_D10,YZR,0.2575383370954144,0.13002133826587992,0.15276137281106014,0.44559466752213023,0.12403583931612615,0.07030578049369286,0.013869721587328136,0.21798523287452098,0.6855469450552444,0.1354251360945243,0.4869796785200287,0.9323797344048536,7,0.6749364947004449,6,1
Event_Definition,Drought,T10_D20,CSL,1.4680290617615588,1.692381440023778,0.3357457916133193,5.1892407972178916,0.6580900816555976,0.7302722770126141,0.054272151177556634,1.8963208957219397,0.674767766923156,0.22156470871238154,0.34625491902152394,0.9621900728161169,7,0.6904735636790809,5,2
Event_Definition,Drought,T10_D20,PSE,0.25430032358350424,0.07587986705427427,0.1805056967761846,0.3619752910974071,0.13841282643777814,0.099927158995147,0.009280504249844912,0.27414237577266537,0.6859939677006907,0.1704406352981722,0.4905663666344633,0.9574372370865091,7,0.6475472582716492,6,1
Event_Definition,Drought,T10_D20,SWRB,1.6619472931459376,3.021655114284624,0.3070179172806118,8.48610111763764,0.10669100423524787,0.052999164717426404,0.02554098017099055,0.1635529337991769,0.8480463416503226,0.11859046580585847,0.6524371762001779,0.9827754111718823,7,0.93967618795023,7,0
Event_Definition,Drought,T10_D20,YHH,0.7243156115760865,0.637292693829972,0.24940158864106254,2.0139948640777727,0.8202103237961638,0.7278743852837245,0.032173295216773846,2.251116680806516,0.5160112532872342,0.19193531845608877,0.34008551157686784,0.8857380502977753,7,0.468956587253109,3,4
Event_Definition,Drought,T10_D20,YZR,0.34737169486610553,0.212034249442378,0.1803139270914108,0.6953465740017717,0.15169311362764984,0.08580556372696987,0.016482965136172888,0.2519531646754738,0.6952734744364591,0.1414445253484501,0.4794180340553694,0.9372319218241616,7,0.6960452609642422,6,1
Event_Definition,Drought,T10_D30,CSL,1.55445896152799,1.515152226237904,0.5027040072287617,4.822931376309452,0.7019716135165693,0.6637230109059093,0.0669788806615322,1.672880021732974,0.6736659000195312,0.20597974642177902,0.3674507601663692,0.954415635584623,7,0.6889017454026003,5,2
Event_Definition,Drought,T10_D30,PSE,0.2953015529567056,0.061592416916782536,0.2165549261306178,0.36508471772552126,0.16173908041462703,0.10849148636191981,0.010059374851796686,0.3228265737540713,0.677647496224964,0.17828464358966417,0.4996198561184459,0.9631933230374323,7,0.6461166281396723,6,1
Event_Definition,Drought,T10_D30,SWRB,1.675653286530755,2.622964029176015,0.4283411971375668,7.581346004154242,0.14639718842336186,0.06331404629122867,0.029492422741416432,0.1983520259490164,0.8407972392988111,0.11325437628861612,0.6834942223053012,0.9755394967320752,7,0.9196525066480123,7,0
Event_Definition,Drought,T10_D30,YHH,0.8227716305387449,0.6286464946718757,0.33479289932993433,2.0493045437829265,0.9162907779563668,0.667639666428322,0.048494667303673133,2.012141192456244,0.5134715282770889,0.20077374884037222,0.2962266804865714,0.8789480280328155,7,0.47311219339777805,4,3
Event_Definition,Drought,T10_D30,YZR,0.4612538847311628,0.30955333622944964,0.22761099505014384,1.0285176150694615,0.19209908505346368,0.11221364201920486,0.02303634322616036,0.35786659368818213,0.6998104053836495,0.1306476493864247,0.5243616853928967,0.9315412083578145,7,0.7059796251989366,7,0
Event_Definition,Flood,T05_G10,CSL,0.3239550747157919,0.23596579174254223,0.13432969714303694,0.8289514552249247,0.1090708807566605,0.09651671138345315,0.02051192370490568,0.30862321686213645,0.7503636025089636,0.12649514234051623,0.5561239870502093,0.9195347129202751,7,0.748119300059834,7,0
Event_Definition,Flood,T05_G10,PSE,0.08751764685843817,0.015383274273800953,0.0736251191852419,0.11779363263397888,0.04582313988385607,0.045755190906403675,0.0060609013842622145,0.14305807497386314,0.7080078135211864,0.15995419536146005,0.4515731704968054,0.9282257675116764,7,0.6563456613435334,6,1
Event_Definition,Flood,T05_G10,SWRB,0.26763551956762055,0.1632294332051482,0.11735106928666199,0.5939207951689034,0.041823077416879115,0.04006022618271629,0.006462506099155681,0.11936124112699331,0.8544122220590877,0.1258278595046791,0.6668074177015619,0.9679073740626176,7,0.8648508142141742,7,0
Event_Definition,Flood,T05_G10,YHH,0.14517679648845114,0.06231531459844523,0.0960283470794064,0.26140152371303704,0.12863962959277778,0.08204749103660294,0.010759794874399403,0.22684224302419154,0.572211640551601,0.16247765095771666,0.40426581383099164,0.9008053585432617,7,0.5301975435373762,5,2
Event_Definition,Flood,T05_G10,YZR,0.1298351952067006,0.04865970381316881,0.08672440020038368,0.19831999329597474,0.05075417882355283,0.03450833244173128,0.009696362032398088,0.10155777009954628,0.7344258719342397,0.13488286939107452,0.5020586692233101,0.9290880545125978,7,0.7189525735049606,7,0
Event_Definition,Flood,T05_G20,CSL,0.30104887603434743,0.21279971022839536,0.12661903298916158,0.756697212516891,0.10461447977014071,0.09023925255009795,0.02144917604781077,0.29156931535847924,0.7445809536022179,0.1275563522963362,0.5470249116082294,0.9106380923654467,7,0.7421150363392441,7,0
Event_Definition,Flood,T05_G20,PSE,0.07767495557022808,0.016885428617524584,0.06558997970907265,0.11172874241196706,0.04486740775440801,0.04592114181206063,0.005834659500733711,0.14278623578613986,0.6933146027946597,0.15997758847862226,0.4389869044367232,0.9183102698832726,7,0.6338620658429247,6,1
Event_Definition,Flood,T05_G20,SWRB,0.2612161656700435,0.13208589531138537,0.12253463677968267,0.5177141315129309,0.0412050881067202,0.03500671006305405,0.005887523645049774,0.10577209241134833,0.8555631523576003,0.11476301344081358,0.6744407168132264,0.9742297621432279,7,0.8637493641993288,7,0
Event_Definition,Flood,T05_G20,YHH,0.14108277688742588,0.06714904751522932,0.08306709237160477,0.2716494929204881,0.11698282341641578,0.07342972690289516,0.011614535607806217,0.21148984998590217,0.5828455033540997,0.14745996025610356,0.41398435489421537,0.8773306304964268,7,0.5466934636825584,5,2
Event_Definition,Flood,T05_G20,YZR,0.12760774554030058,0.0448826119757,0.08146723863209673,0.1942126331336277,0.048761602098121096,0.03307325326471716,0.009515396282042888,0.09845068963448934,0.741663070474423,0.1228164717344805,0.5470147183781936,0.9227335187725172,7,0.7235256423463774,7,0
Event_Definition,Flood,T05_G30,CSL,0.28167721839323556,0.1948264066458892,0.11403217137350496,0.6978062044668589,0.09801504806099819,0.07904510794928334,0.0213435505230513,0.26083512913031626,0.7402952770495048,0.124546696170115,0.5524113911802376,0.9097374765579321,7,0.7418566119970935,7,0
Event_Definition,Flood,T05_G30,PSE,0.07412223175866714,0.014612534294990268,0.06435422342195338,0.10286559457856699,0.043170380374074925,0.04479957488014775,0.005187068937511282,0.1395381462073036,0.6926175953272098,0.15847567721974107,0.4243564651480944,0.9254102309359036,7,0.6319428854971849,6,1
Event_Definition,Flood,T05_G30,SWRB,0.26457237790120386,0.12636165535497912,0.11711824333731552,0.5096993082391068,0.03942551040180233,0.032690868788586985,0.006166216921858437,0.09822233110534492,0.8611552593378374,0.10957229132993557,0.6958751903367937,0.9772266290943631,7,0.8703099201712039,7,0
Event_Definition,Flood,T05_G30,YHH,0.138204338707653,0.06353910952944977,0.08212445405608904,0.2579359966657023,0.11088095490394696,0.07017381189861305,0.012339305213872902,0.20077997397677283,0.5902004622670411,0.1405660306397544,0.4230571996787345,0.8693752470869893,7,0.5548474448401428,5,2
Event_Definition,Flood,T05_G30,YZR,0.1252083887459612,0.03970590910654035,0.0849777209064233,0.19197878613152056,0.04728946753132796,0.033716889884213626,0.009098533157906144,0.10223635676339836,0.7470538446728211,0.1258954712156594,0.5469132520495206,0.9207515732212301,7,0.7258547523320495,7,0
Event_Definition,Flood,T08_G10,CSL,0.3673652976586727,0.22388911156418925,0.1653888325339059,0.8239838983988479,0.13110784948810822,0.08588439205251891,0.021698026203097284,0.2348909141695663,0.7370582419093974,0.13215610298414254,0.5547950607697092,0.9321800663962669,7,0.7369811187652561,7,0
Event_Definition,Flood,T08_G10,PSE,0.09706158058745686,0.017946110964917748,0.07725275142319588,0.13234275629473363,0.04812068964007005,0.050441306485098716,0.005598851079449575,0.15610686492690476,0.720431412475879,0.15985634899349813,0.4588071765677388,0.9447829430373407,7,0.66854981972209,6,1
Event_Definition,Flood,T08_G10,SWRB,0.2882859028727021,0.1760158164612678,0.13502108123972886,0.6351646573209127,0.04619479473604193,0.046093975450713066,0.004659533909036704,0.13960137091753347,0.8573787945228243,0.1163395062970876,0.6891854388443451,0.9750677572347393,7,0.8618909997907326,7,0
Event_Definition,Flood,T08_G10,YHH,0.18280009975288442,0.0911626053849709,0.10647317326565081,0.34431472939802216,0.18689819184643935,0.16309279969972315,0.010271449223788543,0.4820391275795288,0.5668491745242024,0.19796097647313768,0.31718187536852016,0.9175814070812948,7,0.49445751821596673,5,2
Event_Definition,Flood,T08_G10,YZR,0.14370261443772075,0.053602274569983344,0.0905026562447813,0.21738331126826121,0.05595158818312556,0.04002354973978052,0.010361544123948692,0.11586678553766529,0.7363035845623035,0.13774114879553853,0.5026507795380195,0.9352668442118887,7,0.7197575235148918,7,0
Event_Definition,Flood,T08_G20,CSL,0.33323175902546,0.19835090824435553,0.15829500407218525,0.7406962235602532,0.11016157892952062,0.06920680040917536,0.02161633093730689,0.219594248488106,0.7488533195810829,0.1190711544051105,0.5772428135863458,0.9226347680606918,7,0.7515488630532701,7,0
Event_Definition,Flood,T08_G20,PSE,0.08838704333031677,0.018536771249590904,0.0708413978185532,0.12565944890350694,0.04598854926276071,0.04854675918770868,0.005061234087855675,0.1503652000229124,0.7125795109022681,0.15866399888764934,0.45524720126355217,0.9428131086642372,7,0.6577611426650566,6,1
Event_Definition,Flood,T08_G20,SWRB,0.277914069723266,0.16723240071320783,0.12346416189615605,0.6099925868481882,0.04184427464388236,0.03730378409837058,0.0058024939379165445,0.1133130957686545,0.8571038902635586,0.12097312302996323,0.6652900900987248,0.9714989768634703,7,0.8691378180397491,7,0
Event_Definition,Flood,T08_G20,YHH,0.1578380457961446,0.0691632934417618,0.10047113213138631,0.2618087438095316,0.15679290282935002,0.12003240726978896,0.010568056494491874,0.35458814548338863,0.5635395723049602,0.18593453952854583,0.33593129293395557,0.9048258851197248,7,0.50166090299025,5,2
Event_Definition,Flood,T08_G20,YZR,0.13572317743983361,0.048090578197141444,0.08748210879545001,0.20548002256018807,0.052274180300617076,0.03748923070488594,0.010177433020994754,0.10931359469423445,0.740996785645347,0.1331771356191418,0.5190864962134236,0.9290790929447015,7,0.7219419414777795,7,0
Event_Definition,Flood,T08_G30,CSL,0.3022518252726676,0.18570487830651805,0.1410433891253638,0.6890628426950081,0.09638707097173084,0.05980893452807478,0.021099751406495764,0.20267814324451766,0.7518867425006805,0.11636436357253929,0.5797432947292854,0.9138512297276756,7,0.7582095679076996,7,0
Event_Definition,Flood,T08_G30,PSE,0.08397755235570503,0.02075494526379696,0.06077318540673574,0.12538690822053827,0.04315341278570955,0.048139272955282066,0.004202302826043005,0.147614837331897,0.719567608184626,0.15655815464010445,0.4592897674218544,0.9476007009491393,7,0.6605593866316699,6,1
Event_Definition,Flood,T08_G30,SWRB,0.26068194490499996,0.15237386530869013,0.11689331609512957,0.5715066055664233,0.03906374637216525,0.03495500545021103,0.005978852434909419,0.10590014176564777,0.8579297825624888,0.11957513952834424,0.6620780175295702,0.9743844417596248,7,0.8696770378726003,7,0
Event_Definition,Flood,T08_G30,YHH,0.14498662900839795,0.05855501317511117,0.09168950337381951,0.22873718731412074,0.1270928688518906,0.08096260498200324,0.011295692022044165,0.24154024172924585,0.5765693125505044,0.15923342950661326,0.40806015046767524,0.8903173220323098,7,0.5328833306023222,4,3
Event_Definition,Flood,T08_G30,YZR,0.12893482146680124,0.04349390954350091,0.08145771832644236,0.19762112765174267,0.0501553946498895,0.036578693864022155,0.010049018368631663,0.10956740553667746,0.7408623676637475,0.13179494338955852,0.5259678437062547,0.919707226717362,7,0.71994341322806,7,0
Event_Definition,Flood,T10_G10,CSL,0.4501725110086994,0.2530105712410152,0.1926513216696105,0.8793053416645965,0.16931759810331384,0.12915921062188554,0.023646830268263027,0.37096826698564267,0.7394300310470417,0.1391634631363631,0.5520004933528827,0.9386608433961812,7,0.7266823221019358,7,0
Event_Definition,Flood,T10_G10,PSE,0.11323050045140744,0.019763264540262452,0.09141863491739657,0.14758217738804125,0.05267070397790624,0.0558794488312087,0.005783787302331773,0.17190764162423242,0.7337455172852992,0.15961223280054732,0.4619307677606204,0.9510319332491366,7,0.68251765164039,6,1
Event_Definition,Flood,T10_G10,SWRB,0.30208872786738844,0.16451104549311424,0.17015294514213244,0.629044148351694,0.05468561386195279,0.057746368968607485,0.0061272478560170955,0.17415708682292255,0.8555489466854723,0.10702068826632341,0.7053573252811516,0.9667750942696856,7,0.8467221224573408,7,0
Event_Definition,Flood,T10_G10,YHH,0.197120140195632,0.09264927977623148,0.12007916682447012,0.3635271375624136,0.23199624982027087,0.21998598698402547,0.010815949659466351,0.5632199799230427,0.555329655386764,0.21647111341734926,0.29377991442509327,0.9230953888176322,7,0.4593628786547324,4,3
Event_Definition,Flood,T10_G10,YZR,0.16175504272529198,0.058736574464489356,0.10243338269229721,0.2429532661226774,0.06306246387220818,0.04794724732384095,0.011597680841841242,0.13251265433892648,0.7402854361723581,0.143972593040317,0.4971860855086322,0.9359836744170821,7,0.7194948701877054,6,1
Event_Definition,Flood,T10_G20,CSL,0.3943138193342688,0.21766707912222152,0.18106965202539158,0.804716280361561,0.14037758748429643,0.09662169003774075,0.024084906740564408,0.2652192615179327,0.7448864337459115,0.12827155341694382,0.5693908488716304,0.9284050830432616,7,0.7374605507136377,7,0
Event_Definition,Flood,T10_G20,PSE,0.10431256749253218,0.0206597064385511,0.08203140030990555,0.14256714059268316,0.047367066441847384,0.0511969852504524,0.004971880781121207,0.1564416090854268,0.7400885408666997,0.15847036539131043,0.4767992265984192,0.9525660801962075,7,0.6877163715839427,6,1
Event_Definition,Flood,T10_G20,SWRB,0.2900724090649021,0.16570091721352362,0.1489796174895871,0.6158057148329313,0.04890993463976743,0.05067167516227075,0.004939378150504584,0.15279209357720866,0.8576787356292233,0.11286202926499543,0.6843630261686979,0.9737358837114657,7,0.8557153918247167,7,0
Event_Definition,Flood,T10_G20,YHH,0.185386719049803,0.08165882770147864,0.11720976752443825,0.3104889602577009,0.17834021026609712,0.14776670285665566,0.011517838484173221,0.39593413695877727,0.5790625556055103,0.18132671707851147,0.397919746372763,0.9106977604567202,7,0.509686537091107,4,3
Event_Definition,Flood,T10_G20,YZR,0.1512499444212995,0.05229011385815946,0.10100792107273607,0.23053531892512968,0.05871109000978398,0.04331767854843537,0.010665095881840536,0.12406160958033145,0.7414185496172127,0.1360849709621459,0.5175865083339491,0.9364102488635281,7,0.7203714957450593,7,0
Event_Definition,Flood,T10_G30,CSL,0.3458317561917637,0.1917579759246854,0.1700265841598092,0.7285436379439685,0.11655505468513852,0.07505875163916773,0.023847353414791776,0.21727725951529062,0.7505132142196915,0.11969102825610936,0.5890539466503416,0.9158108998757685,7,0.7479273804023616,7,0
Event_Definition,Flood,T10_G30,PSE,0.09628160950283562,0.021536154250472426,0.07928589109299483,0.14012947992457983,0.04611227552801743,0.0512473853833942,0.004420508022740821,0.15649218935160147,0.7338900282222315,0.1572879351073701,0.4724182163310084,0.9516337931146814,7,0.6761639341603322,6,1
Event_Definition,Flood,T10_G30,SWRB,0.2705093853114519,0.15105975068826435,0.13603776085067662,0.5776285005315309,0.04602556058734521,0.0473603750173154,0.005936359473767614,0.14157918162999572,0.8551300281393324,0.1177243690530379,0.6832253212756199,0.9717544241161148,7,0.8545956420177994,7,0
Event_Definition,Flood,T10_G30,YHH,0.16097157359468153,0.06129308598484386,0.10152204915758135,0.22837703724449265,0.1445685627711968,0.10524444954897927,0.01115619101740224,0.30646601892607583,0.5836865055645285,0.17158897492110092,0.4042439193577738,0.9009907236740896,7,0.5268426449935246,4,3
Event_Definition,Flood,T10_G30,YZR,0.1396010476391905,0.04419013858706186,0.09609972819583293,0.20987709010383926,0.05319220830779064,0.039099838741253834,0.009756197993950562,0.1159532746301463,0.7461715704072557,0.1321740812505248,0.5340365822470974,0.9313724573210241,7,0.7240971524314176,7,0
Period_Split,Drought,S1980,CSL,0.782446434551232,0.8461336158519623,0.198106462738819,2.574472080919514,0.37304881453455063,0.529381020064396,0.046708478184142865,1.5568915475297713,0.6706754998400617,0.17596831529856244,0.4835655886383493,0.9563214341912991,7,0.6771524462521993,6,1
Period_Split,Drought,S1980,PSE,0.13019338544210976,0.020883684161591243,0.11384281674401171,0.1738387259068599,0.06969938170219982,0.05314793138315389,0.0064816490026288745,0.16352446036988677,0.6912737789502128,0.15861862211705569,0.5152865901742345,0.9505569265181193,7,0.651316139658613,7,0
Period_Split,Drought,S1980,SWRB,1.4191836078863282,2.8516421102670284,0.20081781210133837,7.878113049176992,0.06302055973246641,0.03949180862632767,0.018747180324415153,0.1140105726877312,0.8641104810311642,0.12556726139630095,0.6694960114449492,0.9857346334864212,7,0.957481863086574,7,0
Period_Split,Drought,S1980,YHH,0.4078703338530802,0.5088051249477559,0.1323030708065705,1.5469402354953912,0.49215443282691623,0.6440532124134742,0.018612208270180494,1.9114488598090542,0.5133409923769067,0.18536948989402002,0.33210937508917926,0.87667114699026,7,0.4531767890761815,2,5
Period_Split,Drought,S1980,YZR,0.21269001299402968,0.13310120791700528,0.1207859327314989,0.4933382273041629,0.08019481162519337,0.04974059594469195,0.011195362449827991,0.13999021625395067,0.7269934358215304,0.1398392385862554,0.47839672005083883,0.9362581688694986,7,0.7261899392382178,6,1
Period_Split,Drought,S1985,CSL,0.7492768791574721,0.8800028377604204,0.20300600607019553,2.6673509286065635,0.39241869809055807,0.5737527408893681,0.05201002073119775,1.6753183265355278,0.6630729478876463,0.16462200989290804,0.49675221653985946,0.9466509241206469,7,0.6562842968732057,6,1
Period_Split,Drought,S1985,PSE,0.13080198895272743,0.02678472169278981,0.11174952814966738,0.18904758810017153,0.07210107216062576,0.05563633629823302,0.0076057151871665755,0.17352413884907575,0.685502694730091,0.15407612255965278,0.5214074183082521,0.9412183617393167,7,0.6446526150714601,7,0
Period_Split,Drought,S1985,SWRB,0.7499105537506623,1.1547314441698215,0.21528526910049972,3.3613892309195563,0.06294029744172398,0.04116773289260996,0.016630105636446926,0.12790002220513202,0.8646768041441464,0.10870100361384998,0.7078576739574705,0.9633449642815951,7,0.9225684547793784,7,0
Period_Split,Drought,S1985,YHH,0.3968260386727933,0.4578370409534592,0.13354336557362617,1.409224716850876,0.434091235996175,0.5232228996029469,0.0206961752502196,1.57379005272474,0.5280534114124079,0.17175739595274878,0.38178429362011873,0.8658179663938682,7,0.4775758679838327,2,5
Period_Split,Drought,S1985,YZR,0.20216800325005993,0.09559113366001473,0.12198510091001223,0.37911175071481135,0.0815408004669447,0.05083119852392483,0.012614983498017339,0.1443997815522365,0.7237591308694581,0.13345892022901326,0.4832633492996758,0.9274874042429435,7,0.7125898125167788,6,1
Period_Split,Drought,S1990,CSL,0.7609283710168214,0.8883931274808113,0.21282689514844175,2.700135391386761,0.44547182279175346,0.6680117222283045,0.056652725749978546,1.9362357534130974,0.6524776935798283,0.1634417742515486,0.4949488548852625,0.9426254655936267,7,0.6307429117816947,5,2
Period_Split,Drought,S1990,PSE,0.12861218863776705,0.025329855289349106,0.10759297856560565,0.1825352231755593,0.0739694664100651,0.061007077488936697,0.007660972067970012,0.19048073455072617,0.6789648859385614,0.16331459775303692,0.4893496361072612,0.9426022125882518,7,0.6348659191642997,6,1
Period_Split,Drought,S1990,SWRB,0.477886976999658,0.44096662452913127,0.21189721237567036,1.463625238944179,0.06454878611164973,0.0461649415965186,0.01803875933412711,0.14851707242978407,0.8608545025343298,0.09290967990816404,0.7209970515353211,0.9556038899204179,7,0.8810019720281528,7,0
Period_Split,Drought,S1990,YHH,0.430868272715751,0.4872590234327502,0.13869706101828352,1.4959772672524794,0.438476639666736,0.5139755513413807,0.023087777460450577,1.5502017729914315,0.5399700013026604,0.16376834883553015,0.3888275002637196,0.8572933182271876,7,0.49562408036061667,3,4
Period_Split,Drought,S1990,YZR,0.19776408926742622,0.0848820405153774,0.12415396488356874,0.35272246754268216,0.08160414036185962,0.05144238567874493,0.013945573790734012,0.15304865622183567,0.7224314509485028,0.12534268748270783,0.5041394854188628,0.9202335251829517,7,0.7078975641927998,7,0
Period_Split,Flood,S1980,CSL,0.2955380457330653,0.20037468411180692,0.12213383866301071,0.7184477968121319,0.10218410929841029,0.07994850906824237,0.019382273862140958,0.25884425521866583,0.7415314859430134,0.1291697975177434,0.5541194159301315,0.9191293644336368,7,0.7430766478414473,7,0
Period_Split,Flood,S1980,PSE,0.07516487940294424,0.015758618048704036,0.06254328296292694,0.10525241412366183,0.04394502101164855,0.04486424845368914,0.005187045001549454,0.13922423065491768,0.6920650115293884,0.16274780175486325,0.4305213457873986,0.9234162131287775,7,0.6310548421358212,6,1
Period_Split,Flood,S1980,SWRB,0.26021794540654714,0.15622107774695496,0.12614859569089124,0.5868591913659396,0.03813334154463934,0.03167956710067688,0.005688080878421344,0.09437218725426144,0.8612750456928306,0.11472236193890854,0.686198957651699,0.9730701151328197,7,0.8721864352109252,7,0
Period_Split,Flood,S1980,YHH,0.14889520562012218,0.08403516658379678,0.08239044141291875,0.31783760531063054,0.1304404712722804,0.08990478189122353,0.010280036159427618,0.25708066867717116,0.5727311222298164,0.15513891572730765,0.41101429682369184,0.8890689200193,7,0.5330332568921198,5,2
Period_Split,Flood,S1980,YZR,0.12482831408629065,0.0458249027187563,0.07807280473413498,0.19206343089772393,0.04747679477925595,0.032549222130263164,0.008424504342636899,0.09562945774119826,0.7416544508201531,0.12758332488094692,0.5317694902210369,0.9296938032466322,7,0.7244608990885865,7,0
Period_Split,Flood,S1985,CSL,0.30104887603434743,0.21279971022839544,0.12661903298916158,0.7566972125168911,0.10461447977014071,0.09023925255009795,0.02144917604781077,0.29156931535847924,0.7445809536022179,0.12755635229633613,0.5470249116082294,0.9106380923654467,7,0.7421150363392441,7,0
Period_Split,Flood,S1985,PSE,0.07767495557022809,0.01688542861752458,0.06558997970907265,0.11172874241196706,0.044867407754408006,0.045921141812060626,0.005834659500733711,0.14278623578613983,0.6933146027946598,0.15997758847862223,0.43898690443672334,0.9183102698832726,7,0.6338620658429247,6,1
Period_Split,Flood,S1985,SWRB,0.2612161656700435,0.13208589531138534,0.12253463677968272,0.5177141315129309,0.041205088106720196,0.035006710063054045,0.0058875236450497736,0.10577209241134831,0.8555631523576004,0.11476301344081352,0.6744407168132265,0.9742297621432279,7,0.8637493641993288,7,0
Period_Split,Flood,S1985,YHH,0.14108277688742585,0.0671490475152293,0.08306709237160477,0.27164949292048807,0.11698282341641579,0.07342972690289519,0.01161453560780622,0.2114898499859022,0.5828455033540997,0.14745996025610356,0.41398435489421537,0.8773306304964268,7,0.5466934636825583,5,2
Period_Split,Flood,S1985,YZR,0.12760774554030058,0.04488261197570002,0.08146723863209675,0.1942126331336277,0.048761602098121096,0.03307325326471716,0.009515396282042884,0.09845068963448934,0.741663070474423,0.1228164717344805,0.5470147183781936,0.9227335187725172,7,0.7235256423463774,7,0
Period_Split,Flood,S1990,CSL,0.2905670560829928,0.2014476366194216,0.12939901476144214,0.7217408887633645,0.10667420517873798,0.09224296490387866,0.024568221606354378,0.2984432152475863,0.7355691466473354,0.12728062872475965,0.5343557878551428,0.9014675101404264,7,0.7314624245227803,7,0
Period_Split,Flood,S1990,PSE,0.07967340556290735,0.018163533158034772,0.06695886777081071,0.11657833668925485,0.04728310162305242,0.04837448115162763,0.0064556787936993,0.15033762161883735,0.6875451783119789,0.16050017675583197,0.4367604598399184,0.9142546539716355,7,0.6275645678106565,6,1
Period_Split,Flood,S1990,SWRB,0.27439162143046447,0.14686024525236036,0.11839987659849348,0.5651200351699553,0.044853864118813834,0.04120090062475971,0.006483062484113372,0.12654380001893833,0.8543034280531613,0.11097327819765064,0.6838374521477906,0.9725865093500472,7,0.8595003965627253,7,0
Period_Split,Flood,S1990,YHH,0.14043334374510527,0.06155371081020033,0.081986544531198,0.25952723619414425,0.11335915565196493,0.06691264471133564,0.013157354560339785,0.1933384762038001,0.5865898240367057,0.13981961854068803,0.42016035775546806,0.8617110010629151,7,0.5533392203423267,5,2
Period_Split,Flood,S1990,YZR,0.13388712085851612,0.04660381694917725,0.08141181363671288,0.20089326478303732,0.04818922502655738,0.0316459183459814,0.010194558815702704,0.09478846469671791,0.7498491031141004,0.11834242530805704,0.5602187065618717,0.9220052251513464,7,0.7353350607279081,7,0
