Family,Event_Type,Definition,Model,Basin_Name,Mean_Abs_Delta_CC,Mean_Abs_Delta_HA,DIndex,Valid_Grid_Count
Event_Definition,Drought,T05_D10,h08,CSL,2.2678843346502453,0.7484192580089692,0.7518753550437034,1987
Event_Definition,Drought,T05_D10,h08,PSE,0.10010588184955123,0.07318736060575312,0.5776675445112665,271
Event_Definition,Drought,T05_D10,h08,SWRB,0.27371836960788387,0.013281784487218696,0.9537220301184315,314
Event_Definition,Drought,T05_D10,h08,YHH,0.4382029375798425,0.4352848591605189,0.501670360152834,576
Event_Definition,Drought,T05_D10,h08,YZR,0.13764483233376948,0.06467303555078083,0.6803394765523847,675
Event_Definition,Drought,T05_D10,hydropy,CSL,0.3101674780003098,0.1697443981570166,0.6463009010817428,1985
Event_Definition,Drought,T05_D10,hydropy,PSE,0.08837657992853085,0.027432515814414866,0.7631229599158159,271
Event_Definition,Drought,T05_D10,hydropy,SWRB,0.2331621862957539,0.009090271058246812,0.9624760419046512,312
Event_Definition,Drought,T05_D10,hydropy,YHH,0.14819990359652968,0.11862644731716071,0.5554170459141328,576
Event_Definition,Drought,T05_D10,hydropy,YZR,0.11736846053215244,0.026011272160993297,0.8185847352870901,672
Event_Definition,Drought,T05_D10,jules-w2,CSL,0.8445359465215327,0.0469548336381932,0.9473299840187013,1475
Event_Definition,Drought,T05_D10,jules-w2,PSE,0.10781196525985484,0.008399591388194795,0.9277215482653484,271
Event_Definition,Drought,T05_D10,jules-w2,SWRB,0.251288206351594,0.0200004691081821,0.9262760634063122,314
Event_Definition,Drought,T05_D10,jules-w2,YHH,0.10635154983237613,0.01988087748647642,0.842505781527444,568
Event_Definition,Drought,T05_D10,jules-w2,YZR,0.12912418976969237,0.012558291409769027,0.9113631318055326,675
Event_Definition,Drought,T05_D10,lpjml5-7-10-fire,CSL,0.18502151017246637,0.17673420906901638,0.5114542779321175,1208
Event_Definition,Drought,T05_D10,lpjml5-7-10-fire,PSE,0.07262564056875995,0.05201035412150204,0.582701977460403,271
Event_Definition,Drought,T05_D10,lpjml5-7-10-fire,SWRB,0.20539170175321458,0.06664652773257308,0.7550104341637948,176
Event_Definition,Drought,T05_D10,lpjml5-7-10-fire,YHH,0.11607268052027434,0.2185288998169751,0.34689818381396503,543
Event_Definition,Drought,T05_D10,lpjml5-7-10-fire,YZR,0.10088037102131793,0.10576586216652438,0.4881790946056938,589
Event_Definition,Drought,T05_D10,miroc-integ-land,CSL,0.29278778339833517,0.05529211214418,0.8411510895853319,1987
Event_Definition,Drought,T05_D10,miroc-integ-land,PSE,0.1217831953655219,0.11148768982151788,0.5220677036822425,271
Event_Definition,Drought,T05_D10,miroc-integ-land,SWRB,2.1882908520583952,0.07744112099881269,0.9658207052203446,314
Event_Definition,Drought,T05_D10,miroc-integ-land,YHH,0.18471257897453386,0.21374135570854383,0.4635732336824596,576
Event_Definition,Drought,T05_D10,miroc-integ-land,YZR,0.23014857610656472,0.08854643464707544,0.7221593320909432,675
Event_Definition,Drought,T05_D10,watergap2-2e,CSL,0.2962444458072519,0.1594501759843744,0.650094233376128,1946
Event_Definition,Drought,T05_D10,watergap2-2e,PSE,0.08035104309173202,0.05682733343534526,0.5857413181724872,271
Event_Definition,Drought,T05_D10,watergap2-2e,SWRB,0.21576409200888252,0.021109728307054407,0.9108819696541445,314
Event_Definition,Drought,T05_D10,watergap2-2e,YHH,0.33040482240043473,0.4627612611151829,0.41656448664062046,575
Event_Definition,Drought,T05_D10,watergap2-2e,YZR,0.10865262173370832,0.04123738724059632,0.724882348578246,675
Event_Definition,Drought,T05_D10,web-dhm-sg,CSL,0.1683358586146315,0.08758432360271735,0.6577670317211113,647
Event_Definition,Drought,T05_D10,web-dhm-sg,PSE,0.09874613092072042,0.025548049903851403,0.7944549798360248,239
Event_Definition,Drought,T05_D10,web-dhm-sg,SWRB,0.16276115481378575,0.0457060562870769,0.7807518216139855,133
Event_Definition,Drought,T05_D10,web-dhm-sg,YHH,0.1312854333777977,0.08227347121640635,0.6147504531701028,292
Event_Definition,Drought,T05_D10,web-dhm-sg,YZR,0.09686329433814024,0.04105319926850789,0.7023329248378676,532
Event_Definition,Drought,T05_D20,h08,CSL,2.1235628376051956,0.7694504859802919,0.7340314751725149,1987
Event_Definition,Drought,T05_D20,h08,PSE,0.11972340728391122,0.08842829422202748,0.5751738103399334,271
Event_Definition,Drought,T05_D20,h08,SWRB,0.3411351803546524,0.016457339810693274,0.9539773935901019,314
Event_Definition,Drought,T05_D20,h08,YHH,0.4719281222552624,0.4696553658212744,0.5012068799329897,576
Event_Definition,Drought,T05_D20,h08,YZR,0.16484265989019314,0.08904148898845472,0.6492829923343699,675
Event_Definition,Drought,T05_D20,hydropy,CSL,0.4112094787364936,0.2482542873335912,0.6235512849887072,1985
Event_Definition,Drought,T05_D20,hydropy,PSE,0.12175508942546269,0.036646914699386565,0.7686461424408355,271
Event_Definition,Drought,T05_D20,hydropy,SWRB,0.31513296449502637,0.011274063084457268,0.9654601092137579,312
Event_Definition,Drought,T05_D20,hydropy,YHH,0.18717275870405228,0.16521194790951535,0.5311602779325773,576
Event_Definition,Drought,T05_D20,hydropy,YZR,0.1525080041833184,0.03495225435624985,0.8135484575314811,672
Event_Definition,Drought,T05_D20,jules-w2,CSL,0.8447908245502015,0.09831125656965638,0.8957575658693069,1475
Event_Definition,Drought,T05_D20,jules-w2,PSE,0.14237025430406378,0.008606356218927363,0.9429954336031623,271
Event_Definition,Drought,T05_D20,jules-w2,SWRB,0.28082913029263923,0.024695410226483624,0.9191704529380089,314
Event_Definition,Drought,T05_D20,jules-w2,YHH,0.15091034111646964,0.029149655406636873,0.8381114296928458,568
Event_Definition,Drought,T05_D20,jules-w2,YZR,0.16385922895328772,0.017147745443697293,0.9052647252912542,675
Event_Definition,Drought,T05_D20,lpjml5-7-10-fire,CSL,0.22369062316781677,0.22836941330245977,0.49482503455605653,1208
Event_Definition,Drought,T05_D20,lpjml5-7-10-fire,PSE,0.10703804293667418,0.07349787852587007,0.5928905564584903,271
Event_Definition,Drought,T05_D20,lpjml5-7-10-fire,SWRB,0.2417693230954228,0.08735914795668542,0.7345743208497616,176
Event_Definition,Drought,T05_D20,lpjml5-7-10-fire,YHH,0.15868670548824046,0.2724218478680428,0.368089902770025,543
Event_Definition,Drought,T05_D20,lpjml5-7-10-fire,YZR,0.11700380432386333,0.13410800389890437,0.46594305999368324,589
Event_Definition,Drought,T05_D20,miroc-integ-land,CSL,0.4680894404424879,0.08143248136142749,0.8518121331827689,1987
Event_Definition,Drought,T05_D20,miroc-integ-land,PSE,0.1539124692016625,0.13300942388004658,0.5364263686836598,271
Event_Definition,Drought,T05_D20,miroc-integ-land,SWRB,3.267117361966722,0.08680899857558019,0.9741172019765086,314
Event_Definition,Drought,T05_D20,miroc-integ-land,YHH,0.363803928212374,0.41881257017000584,0.46485594025213417,576
Event_Definition,Drought,T05_D20,miroc-integ-land,YZR,0.32924049033964653,0.11376356414922137,0.743199722448409,675
Event_Definition,Drought,T05_D20,watergap2-2e,CSL,0.33440266264011204,0.17351584314933152,0.6583785761465007,1946
Event_Definition,Drought,T05_D20,watergap2-2e,PSE,0.10175191852785732,0.07479393026921366,0.5763484059306042,271
Event_Definition,Drought,T05_D20,watergap2-2e,SWRB,0.24344402810966045,0.034081444517201444,0.8771952563683242,314
Event_Definition,Drought,T05_D20,watergap2-2e,YHH,0.3769723706105412,0.482437758359902,0.4386408280551066,575
Event_Definition,Drought,T05_D20,watergap2-2e,YZR,0.1319405477520402,0.05974494422550344,0.6883178606312955,675
Event_Definition,Drought,T05_D20,web-dhm-sg,CSL,0.24763868035821598,0.12174681192277033,0.670407164149914,647
Event_Definition,Drought,T05_D20,web-dhm-sg,PSE,0.11626423118191334,0.029560142034670955,0.7972894284910313,239
Event_Definition,Drought,T05_D20,web-dhm-sg,SWRB,0.2250313095269951,0.06274117577209615,0.7819764606512425,133
Event_Definition,Drought,T05_D20,web-dhm-sg,YHH,0.16480092432625149,0.10462512345576204,0.6116740592935845,292
Event_Definition,Drought,T05_D20,web-dhm-sg,YZR,0.12341077864328794,0.04620276779063495,0.7275997774821932,532
Event_Definition,Drought,T05_D30,h08,CSL,2.1099340364268078,0.7478887008054272,0.7383012280426644,1987
Event_Definition,Drought,T05_D30,h08,PSE,0.1322097163644505,0.10234899259435375,0.5636529845825107,271
Event_Definition,Drought,T05_D30,h08,SWRB,0.40004024319281567,0.026197087517441243,0.9385387303505586,314
Event_Definition,Drought,T05_D30,h08,YHH,0.5474518754893917,0.543626166048088,0.5017531786433501,576
Event_Definition,Drought,T05_D30,h08,YZR,0.18755259952007125,0.09004245853741923,0.6756337840900206,675
Event_Definition,Drought,T05_D30,hydropy,CSL,0.499515370175274,0.36505658096426985,0.5777603234952172,1985
Event_Definition,Drought,T05_D30,hydropy,PSE,0.1481849348918651,0.039533041204606253,0.7894019420692584,271
Event_Definition,Drought,T05_D30,hydropy,SWRB,0.37599024640730694,0.015123505253970283,0.961332207855816,312
Event_Definition,Drought,T05_D30,hydropy,YHH,0.2246957327592157,0.22062166272618092,0.5045743441355958,576
Event_Definition,Drought,T05_D30,hydropy,YZR,0.1892506961823686,0.03815117065046544,0.8322301783102297,672
Event_Definition,Drought,T05_D30,jules-w2,CSL,0.9413417587101264,0.06341154486826309,0.9368884435189957,1475
Event_Definition,Drought,T05_D30,jules-w2,PSE,0.16706787968149855,0.009131673861261977,0.9481742508556023,271
Event_Definition,Drought,T05_D30,jules-w2,SWRB,0.3226315135447057,0.03184738081426752,0.9101571875756971,314
Event_Definition,Drought,T05_D30,jules-w2,YHH,0.21302477678849965,0.03915225630665966,0.844742973513034,568
Event_Definition,Drought,T05_D30,jules-w2,YZR,0.19174356400274165,0.02024089912869017,0.9045170630446596,675
Event_Definition,Drought,T05_D30,lpjml5-7-10-fire,CSL,0.27384541998004536,0.2905790350383588,0.48517639082650327,1208
Event_Definition,Drought,T05_D30,lpjml5-7-10-fire,PSE,0.12597088452335004,0.08150609747893332,0.6071559519887545,271
Event_Definition,Drought,T05_D30,lpjml5-7-10-fire,SWRB,0.2716642004287116,0.1264856602995076,0.68231645223192,176
Event_Definition,Drought,T05_D30,lpjml5-7-10-fire,YHH,0.1990539285546405,0.3188158692404986,0.3843706070562991,543
Event_Definition,Drought,T05_D30,lpjml5-7-10-fire,YZR,0.13285298390926134,0.14589287631832254,0.47660971108518946,589
Event_Definition,Drought,T05_D30,miroc-integ-land,CSL,0.7151721313552309,0.11819743917042333,0.8581692404537048,1987
Event_Definition,Drought,T05_D30,miroc-integ-land,PSE,0.20202263897444564,0.16546290511338108,0.549743091189904,271
Event_Definition,Drought,T05_D30,miroc-integ-land,SWRB,3.984647235528263,0.10394567607363192,0.9745766628468506,314
Event_Definition,Drought,T05_D30,miroc-integ-land,YHH,0.49458369454448503,0.5643875256578692,0.46704167696831,576
Event_Definition,Drought,T05_D30,miroc-integ-land,YZR,0.456966944800745,0.1439324839800258,0.7604715912743238,675
Event_Definition,Drought,T05_D30,watergap2-2e,CSL,0.3590856158470041,0.17592160038532798,0.6711790139500992,1946
Event_Definition,Drought,T05_D30,watergap2-2e,PSE,0.11854521128323196,0.09451921413195093,0.5563820006659097,271
Event_Definition,Drought,T05_D30,watergap2-2e,SWRB,0.2776442376061526,0.04770150240442739,0.8533821208082326,314
Event_Definition,Drought,T05_D30,watergap2-2e,YHH,0.3657207202466008,0.5761257863061479,0.3883018280602588,575
Event_Definition,Drought,T05_D30,watergap2-2e,YZR,0.16383678593834963,0.07956994293211087,0.6730988362509178,675
Event_Definition,Drought,T05_D30,web-dhm-sg,CSL,0.3378532406217749,0.15449892361048959,0.6862024078813523,647
Event_Definition,Drought,T05_D30,web-dhm-sg,PSE,0.1482880851014671,0.03513103774058726,0.8084657848307384,239
Event_Definition,Drought,T05_D30,web-dhm-sg,SWRB,0.2955250348998035,0.09948133071513951,0.748152588477232,133
Event_Definition,Drought,T05_D30,web-dhm-sg,YHH,0.21478887959111703,0.12762487938500397,0.6272787642452645,292
Event_Definition,Drought,T05_D30,web-dhm-sg,YZR,0.16205880452988602,0.05902964250634767,0.7330044002856765,532
Event_Definition,Flood,T05_G10,h08,CSL,0.8134560419447483,0.21358674080090362,0.792037153282057,1987
Event_Definition,Flood,T05_G10,h08,PSE,0.08757941957843259,0.04493423764059385,0.6609086294681017,271
Event_Definition,Flood,T05_G10,h08,SWRB,0.3367482316392465,0.012225748029774079,0.9649665913734617,314
Event_Definition,Flood,T05_G10,h08,YHH,0.15417879609150573,0.1443695438605782,0.5164282478216121,576
Event_Definition,Flood,T05_G10,h08,YZR,0.1874627226715192,0.04996432449203089,0.7895592558264295,675
Event_Definition,Flood,T05_G10,hydropy,CSL,0.2617191544416777,0.07323049504393919,0.7813686470297865,1985
Event_Definition,Flood,T05_G10,hydropy,PSE,0.06359287319302326,0.014849181658934982,0.8106987165626974,271
Event_Definition,Flood,T05_G10,hydropy,SWRB,0.18332616923708403,0.0061901418761593175,0.9673371550986951,312
Event_Definition,Flood,T05_G10,hydropy,YHH,0.09608027763197713,0.07400592113379567,0.5648916745108175,576
Event_Definition,Flood,T05_G10,hydropy,YZR,0.09028762533475866,0.015950931794208013,0.8498574131156108,672
Event_Definition,Flood,T05_G10,jules-w2,CSL,0.16740963330786432,0.024388458339373753,0.8728430604813844,1475
Event_Definition,Flood,T05_G10,jules-w2,PSE,0.059876250625225454,0.006371447561666154,0.9038238650391801,271
Event_Definition,Flood,T05_G10,jules-w2,SWRB,0.1858722086532026,0.024482822556071752,0.8836118992955547,314
Event_Definition,Flood,T05_G10,jules-w2,YHH,0.07140490035918773,0.014781191826342712,0.8284967858326416,568
Event_Definition,Flood,T05_G10,jules-w2,YZR,0.07841084081331623,0.011837659024557088,0.8688326227491556,675
Event_Definition,Flood,T05_G10,lpjml5-7-10-fire,CSL,0.15476608058104804,0.12134599064365337,0.5605190671113348,1208
Event_Definition,Flood,T05_G10,lpjml5-7-10-fire,PSE,0.05673525177125872,0.03215156867829722,0.6382864353153062,271
Event_Definition,Flood,T05_G10,lpjml5-7-10-fire,SWRB,0.16410471231700613,0.07143322203647857,0.6967230682711397,176
Event_Definition,Flood,T05_G10,lpjml5-7-10-fire,YHH,0.08114255381358555,0.10887580908048186,0.42702480211779,543
Event_Definition,Flood,T05_G10,lpjml5-7-10-fire,YZR,0.07515450779211233,0.06674194109131616,0.5296433306365097,589
Event_Definition,Flood,T05_G10,miroc-integ-land,CSL,0.1607532743022274,0.087601492945974,0.6472727545494361,1987
Event_Definition,Flood,T05_G10,miroc-integ-land,PSE,0.10821919008091324,0.09848802915923657,0.5235385124850699,271
Event_Definition,Flood,T05_G10,miroc-integ-land,SWRB,0.5455296476264073,0.09414713162582947,0.85282077655549,314
Event_Definition,Flood,T05_G10,miroc-integ-land,YHH,0.13622766119853222,0.181749185541213,0.4284200645276245,576
Event_Definition,Flood,T05_G10,miroc-integ-land,YZR,0.11260858711387034,0.05541456927159306,0.6701968320100713,675
Event_Definition,Flood,T05_G10,watergap2-2e,CSL,0.3461597614421869,0.1406974540496448,0.7110087935997627,1946
Event_Definition,Flood,T05_G10,watergap2-2e,PSE,0.06379363659763196,0.03876506597687966,0.6220207061539628,271
Event_Definition,Flood,T05_G10,watergap2-2e,SWRB,0.18330115329060565,0.022935081902346832,0.8887921810593128,314
Event_Definition,Flood,T05_G10,watergap2-2e,YHH,0.12856485346418872,0.12880594714133428,0.49953162193112366,575
Event_Definition,Flood,T05_G10,watergap2-2e,YZR,0.10396814654442564,0.03206557606405593,0.7642821540924539,675
Event_Definition,Flood,T05_G10,web-dhm-sg,CSL,0.14217426958777687,0.0782320711597519,0.6450552606861467,647
Event_Definition,Flood,T05_G10,web-dhm-sg,PSE,0.07039972841514007,0.018477912172446348,0.7920971793323329,239
Event_Definition,Flood,T05_G10,web-dhm-sg,SWRB,0.139729939973105,0.052711628351016934,0.726090216318354,133
Event_Definition,Flood,T05_G10,web-dhm-sg,YHH,0.10388918843556044,0.06653261370094714,0.60960033947033,292
Event_Definition,Flood,T05_G10,web-dhm-sg,YZR,0.0763125867968817,0.03654018158916464,0.6762136887580097,532
Event_Definition,Flood,T05_G20,h08,CSL,0.6991572860625093,0.19526916251655047,0.7816822581367457,1987
Event_Definition,Flood,T05_G20,h08,PSE,0.07082269119297314,0.04299064696759064,0.6222705733580982,271
Event_Definition,Flood,T05_G20,h08,SWRB,0.2669660009207333,0.012342865758196672,0.9558092591010189,314
Event_Definition,Flood,T05_G20,h08,YHH,0.15666576014713493,0.14163894640580335,0.5251870208736799,576
Event_Definition,Flood,T05_G20,h08,YZR,0.16267409245668563,0.047686190657953376,0.773311815558044,675
Event_Definition,Flood,T05_G20,hydropy,CSL,0.22629073588727938,0.06153043266595253,0.7862199192114926,1985
Event_Definition,Flood,T05_G20,hydropy,PSE,0.05051608139446118,0.014987136457389307,0.771199996749993,271
Event_Definition,Flood,T05_G20,hydropy,SWRB,0.1195544451447839,0.005234220237324401,0.9580553232034577,312
Event_Definition,Flood,T05_G20,hydropy,YHH,0.09458282551192289,0.06759987371618577,0.5831868994786732,576
Event_Definition,Flood,T05_G20,hydropy,YZR,0.06929279214683567,0.016320445965512773,0.8093700655955123,672
Event_Definition,Flood,T05_G20,jules-w2,CSL,0.13894664579856603,0.02517729854086605,0.8465958234052933,1475
Event_Definition,Flood,T05_G20,jules-w2,PSE,0.04929888424897518,0.005667464618204324,0.896892103350376,271
Event_Definition,Flood,T05_G20,jules-w2,SWRB,0.14424726318959277,0.027600252806514812,0.8393910284560646,314
Event_Definition,Flood,T05_G20,jules-w2,YHH,0.06439019936044449,0.016687436233215794,0.7941795402514101,568
Event_Definition,Flood,T05_G20,jules-w2,YZR,0.07136177063004374,0.0120201042449035,0.8558427204601627,675
Event_Definition,Flood,T05_G20,lpjml5-7-10-fire,CSL,0.13570142013987052,0.11283368037621157,0.5460050506270024,1208
Event_Definition,Flood,T05_G20,lpjml5-7-10-fire,PSE,0.053810443074330035,0.033638091330622365,0.6153384209407932,271
Event_Definition,Flood,T05_G20,lpjml5-7-10-fire,SWRB,0.1179864891829268,0.06159677493359156,0.657001585105247,176
Event_Definition,Flood,T05_G20,lpjml5-7-10-fire,YHH,0.07843164466798934,0.09646830638445192,0.44843720193193604,543
Event_Definition,Flood,T05_G20,lpjml5-7-10-fire,YZR,0.07069669214717259,0.060332677271548396,0.5395484421607215,589
Event_Definition,Flood,T05_G20,miroc-integ-land,CSL,0.12361581393194353,0.06129931401860411,0.6685002752452056,1987
Event_Definition,Flood,T05_G20,miroc-integ-land,PSE,0.09438233273808827,0.0934683479452128,0.5024327428294401,271
Event_Definition,Flood,T05_G20,miroc-integ-land,SWRB,0.4223623052906296,0.07372792730745127,0.8513820219331275,314
Event_Definition,Flood,T05_G20,miroc-integ-land,YHH,0.11272787426378547,0.1458274711131007,0.43599127335567706,576
Event_Definition,Flood,T05_G20,miroc-integ-land,YZR,0.0998343349419371,0.04865211044974668,0.6723464534327689,675
Event_Definition,Flood,T05_G20,watergap2-2e,CSL,0.26529704509216695,0.10914054707689318,0.7085213948614012,1946
Event_Definition,Flood,T05_G20,watergap2-2e,PSE,0.05358956345676262,0.03288891961842342,0.6196866729284651,271
Event_Definition,Flood,T05_G20,watergap2-2e,SWRB,0.11496146327960535,0.01889884445273605,0.8588166666214082,314
Event_Definition,Flood,T05_G20,watergap2-2e,YHH,0.11170655078775045,0.10336263320416468,0.5193982174217471,575
Event_Definition,Flood,T05_G20,watergap2-2e,YZR,0.0693955272286421,0.026564045959663666,0.7231746132557734,675
Event_Definition,Flood,T05_G20,web-dhm-sg,CSL,0.13330367453773453,0.0790806890470339,0.6276529603580226,647
Event_Definition,Flood,T05_G20,web-dhm-sg,PSE,0.0629022747159356,0.01643201051063664,0.7928763022984557,239
Event_Definition,Flood,T05_G20,web-dhm-sg,SWRB,0.12777901058950178,0.05016973996145352,0.7180663544637392,133
Event_Definition,Flood,T05_G20,web-dhm-sg,YHH,0.09838952393772239,0.0653551497654167,0.6008715991342575,292
Event_Definition,Flood,T05_G20,web-dhm-sg,YZR,0.07693108292673942,0.035945131431406964,0.6815526491936008,532
Event_Definition,Flood,T05_G30,h08,CSL,0.5700272079524099,0.15541054347141012,0.7857699807235216,1987
Event_Definition,Flood,T05_G30,h08,PSE,0.06675557408001494,0.03448323803376277,0.6593871726289259,271
Event_Definition,Flood,T05_G30,h08,SWRB,0.19010301692271586,0.011829659381508515,0.9414178051912392,314
Event_Definition,Flood,T05_G30,h08,YHH,0.14166043631725703,0.1280722044598231,0.5251883343044564,576
Event_Definition,Flood,T05_G30,h08,YZR,0.12094242575292571,0.04395199948966969,0.7334536966607162,675
Event_Definition,Flood,T05_G30,hydropy,CSL,0.20170155103471374,0.049669063293997104,0.8024070417831491,1985
Event_Definition,Flood,T05_G30,hydropy,PSE,0.04497361333302846,0.013976188351068968,0.7629137341976971,271
Event_Definition,Flood,T05_G30,hydropy,SWRB,0.10539185589947872,0.005367031871314403,0.9515431043112219,312
Event_Definition,Flood,T05_G30,hydropy,YHH,0.09443708438120946,0.06261822078255685,0.6012982769524217,576
Event_Definition,Flood,T05_G30,hydropy,YZR,0.06881323923191096,0.016392970421474928,0.8076082660153454,672
Event_Definition,Flood,T05_G30,jules-w2,CSL,0.1345522711846172,0.02582355801997866,0.8389809851767948,1475
Event_Definition,Flood,T05_G30,jules-w2,PSE,0.048293400813051245,0.004722803544162171,0.9109177354089555,271
Event_Definition,Flood,T05_G30,jules-w2,SWRB,0.13328822666642837,0.023963995161051542,0.8476079073315591,314
Event_Definition,Flood,T05_G30,jules-w2,YHH,0.06420857606912815,0.017463750614688897,0.7861729753053643,568
Event_Definition,Flood,T05_G30,jules-w2,YZR,0.06652667283783896,0.010667928672597434,0.8618047316280897,675
Event_Definition,Flood,T05_G30,lpjml5-7-10-fire,CSL,0.12803193944301114,0.10514132391185267,0.549084991996534,1208
Event_Definition,Flood,T05_G30,lpjml5-7-10-fire,PSE,0.04808461212879866,0.03259181771656561,0.5960180962514622,271
Event_Definition,Flood,T05_G30,lpjml5-7-10-fire,SWRB,0.09230923856031081,0.048044286428496445,0.6576909170444574,176
Event_Definition,Flood,T05_G30,lpjml5-7-10-fire,YHH,0.08384124168535236,0.09817991172126442,0.4606126272481063,543
Event_Definition,Flood,T05_G30,lpjml5-7-10-fire,YZR,0.06757603072652038,0.06071070280627111,0.5267577470062188,589
Event_Definition,Flood,T05_G30,miroc-integ-land,CSL,0.13569072870593368,0.05360561872564861,0.7168164127148656,1987
Event_Definition,Flood,T05_G30,miroc-integ-land,PSE,0.08223525504627195,0.09281607076093927,0.4697779617895603,271
Event_Definition,Flood,T05_G30,miroc-integ-land,SWRB,0.3793443222017267,0.0656063729010777,0.8525536118424997,314
Event_Definition,Flood,T05_G30,miroc-integ-land,YHH,0.11747319495393523,0.1266552058401944,0.4811943000970169,576
Event_Definition,Flood,T05_G30,miroc-integ-land,YZR,0.1144105166564774,0.050629386564374074,0.6932294216349403,675
Event_Definition,Flood,T05_G30,watergap2-2e,CSL,0.20824058499009487,0.08818564828170689,0.702503900183332,1946
Event_Definition,Flood,T05_G30,watergap2-2e,PSE,0.05197299755111081,0.030784009943284014,0.6280192955820807,271
Event_Definition,Flood,T05_G30,watergap2-2e,SWRB,0.09701182445762142,0.013911859042623197,0.8745817069571755,314
Event_Definition,Flood,T05_G30,watergap2-2e,YHH,0.10126500138473804,0.08858689657422916,0.5333894602761596,575
Event_Definition,Flood,T05_G30,watergap2-2e,YZR,0.06233372334748055,0.02313458660188829,0.729319713755974,675
Event_Definition,Flood,T05_G30,web-dhm-sg,CSL,0.12090678546710874,0.07739957175352381,0.6096969717041887,647
Event_Definition,Flood,T05_G30,web-dhm-sg,PSE,0.05893368789179573,0.016184643744770803,0.7845446858022024,239
Event_Definition,Flood,T05_G30,web-dhm-sg,SWRB,0.12568925090140853,0.053785574599864466,0.7003168859496511,133
Event_Definition,Flood,T05_G30,web-dhm-sg,YHH,0.09461503248386122,0.0596288128106559,0.6134120444365275,292
Event_Definition,Flood,T05_G30,web-dhm-sg,YZR,0.07819195845125493,0.033225766946480155,0.701791013702066,532
Event_Definition,Drought,T08_D10,h08,CSL,3.9875488741413894,1.6692692829409275,0.7049102098410203,1987
Event_Definition,Drought,T08_D10,h08,PSE,0.14248473515325363,0.12050569863458213,0.541786760457612,271
Event_Definition,Drought,T08_D10,h08,SWRB,0.482128744150424,0.019330140409425947,0.9614521927826789,314
Event_Definition,Drought,T08_D10,h08,YHH,1.471612942644811,1.2005285704203617,0.5507241796325174,576
Event_Definition,Drought,T08_D10,h08,YZR,0.20454247319661747,0.09817560557089185,0.6756863482663295,675
Event_Definition,Drought,T08_D10,hydropy,CSL,0.6710840134004922,0.7271912300890973,0.47993699132204415,1985
Event_Definition,Drought,T08_D10,hydropy,PSE,0.13959116285380568,0.03535616334461131,0.7979039513612685,271
Event_Definition,Drought,T08_D10,hydropy,SWRB,0.33636689336500675,0.011522494510664536,0.9668788560035569,312
Event_Definition,Drought,T08_D10,hydropy,YHH,0.3360812552848876,0.24015121131778996,0.5832390133557357,576
Event_Definition,Drought,T08_D10,hydropy,YZR,0.16483185598167574,0.041571403717559706,0.7985913411535442,672
Event_Definition,Drought,T08_D10,jules-w2,CSL,1.3806381112686739,0.07111756331780807,0.9510127189011572,1475
Event_Definition,Drought,T08_D10,jules-w2,PSE,0.14809533744149797,0.011229903730444142,0.9295158529317715,271
Event_Definition,Drought,T08_D10,jules-w2,SWRB,0.3278244904435739,0.021341509066475233,0.9388786161985367,314
Event_Definition,Drought,T08_D10,jules-w2,YHH,0.14787737728589004,0.025311734803176344,0.8538491565788546,568
Event_Definition,Drought,T08_D10,jules-w2,YZR,0.16753646890336885,0.014962826442632785,0.9180115933364857,675
Event_Definition,Drought,T08_D10,lpjml5-7-10-fire,CSL,0.2399464719871726,0.2572370551515116,0.4826114681797211,1208
Event_Definition,Drought,T08_D10,lpjml5-7-10-fire,PSE,0.10110531336967772,0.07896713460644479,0.5614701999446591,271
Event_Definition,Drought,T08_D10,lpjml5-7-10-fire,SWRB,0.25344248720246804,0.09310975966564376,0.7313254768736825,176
Event_Definition,Drought,T08_D10,lpjml5-7-10-fire,YHH,0.15844357834862802,0.2947171583359036,0.34964101150477367,543
Event_Definition,Drought,T08_D10,lpjml5-7-10-fire,YZR,0.12504414519059948,0.13683430411510947,0.4774892532093267,589
Event_Definition,Drought,T08_D10,miroc-integ-land,CSL,0.5228710111015518,0.08298308916456441,0.8630312328857479,1987
Event_Definition,Drought,T08_D10,miroc-integ-land,PSE,0.2052438917188843,0.14023302989334105,0.5940885740242203,271
Event_Definition,Drought,T08_D10,miroc-integ-land,SWRB,7.328903334827666,0.10325183808185304,0.9861074162635611,314
Event_Definition,Drought,T08_D10,miroc-integ-land,YHH,0.35096552236354456,0.49386168869162167,0.4154287619656547,576
Event_Definition,Drought,T08_D10,miroc-integ-land,YZR,0.32014942931269913,0.12100415968600702,0.7257096786616828,675
Event_Definition,Drought,T08_D10,watergap2-2e,CSL,0.48650725792708893,0.2520898159478196,0.6586910172480396,1946
Event_Definition,Drought,T08_D10,watergap2-2e,PSE,0.12542737143834173,0.11875556663589376,0.5136614885033852,271
Event_Definition,Drought,T08_D10,watergap2-2e,SWRB,0.25446519727492173,0.03645036392364211,0.8747046607838108,314
Event_Definition,Drought,T08_D10,watergap2-2e,YHH,0.7559706063357485,0.6355552524177557,0.5432673791724784,575
Event_Definition,Drought,T08_D10,watergap2-2e,YZR,0.1380222152057166,0.0792411560328723,0.6352760450087409,675
Event_Definition,Drought,T08_D10,web-dhm-sg,CSL,0.3056096025949005,0.13336029615865974,0.6961971731152143,647
Event_Definition,Drought,T08_D10,web-dhm-sg,PSE,0.12810717961398863,0.035984059141100894,0.7807070053581103,239
Event_Definition,Drought,T08_D10,web-dhm-sg,SWRB,0.2159577920796546,0.07489267403951826,0.742504541805232,133
Event_Definition,Drought,T08_D10,web-dhm-sg,YHH,0.20089041812474132,0.11840786248092179,0.6291622295731782,292
Event_Definition,Drought,T08_D10,web-dhm-sg,YZR,0.14074032956565924,0.05647626933030041,0.713633286211907,532
Event_Definition,Drought,T08_D20,h08,CSL,3.5937404959972796,1.5509576569390329,0.6985328175077034,1987
Event_Definition,Drought,T08_D20,h08,PSE,0.17175445146745147,0.15594505174931245,0.5241217938430648,271
Event_Definition,Drought,T08_D20,h08,SWRB,0.5762331334414902,0.030030081665591884,0.9504669244029794,314
Event_Definition,Drought,T08_D20,h08,YHH,1.3825124280808416,1.3834083535661181,0.49983804209230764,576
Event_Definition,Drought,T08_D20,h08,YZR,0.2447800659994536,0.11724839055812855,0.6761348771502449,675
Event_Definition,Drought,T08_D20,hydropy,CSL,0.8050207743807997,0.8286950185100498,0.49275447901273,1985
Event_Definition,Drought,T08_D20,hydropy,PSE,0.18244494693966942,0.04877265542528814,0.7890616677691148,271
Event_Definition,Drought,T08_D20,hydropy,SWRB,0.42347996304587754,0.022036706749547965,0.9505367402758086,312
Event_Definition,Drought,T08_D20,hydropy,YHH,0.3971091405116244,0.3534450104965484,0.5290879278706437,576
Event_Definition,Drought,T08_D20,hydropy,YZR,0.20918837050837685,0.043865829807735526,0.826654409399493,672
Event_Definition,Drought,T08_D20,jules-w2,CSL,1.3473464764768535,0.0823273479303118,0.9424152932474301,1475
Event_Definition,Drought,T08_D20,jules-w2,PSE,0.17323129488224656,0.011299824867768787,0.9387646653687645,271
Event_Definition,Drought,T08_D20,jules-w2,SWRB,0.34739580968732525,0.032595819638177086,0.9142196376903466,314
Event_Definition,Drought,T08_D20,jules-w2,YHH,0.20233230899075613,0.036056839531915394,0.8487479830547477,568
Event_Definition,Drought,T08_D20,jules-w2,YZR,0.19860236035658946,0.018441251457647957,0.9150343504538092,675
Event_Definition,Drought,T08_D20,lpjml5-7-10-fire,CSL,0.29763050992892653,0.3452121933468205,0.46299119273235034,1208
Event_Definition,Drought,T08_D20,lpjml5-7-10-fire,PSE,0.13247246531999193,0.10303570352897347,0.5624962648533365,271
Event_Definition,Drought,T08_D20,lpjml5-7-10-fire,SWRB,0.34554204560088,0.15136284966073266,0.6953886928784582,176
Event_Definition,Drought,T08_D20,lpjml5-7-10-fire,YHH,0.23460568778969335,0.3722124697539932,0.38661613017537866,543
Event_Definition,Drought,T08_D20,lpjml5-7-10-fire,YZR,0.15598670876751103,0.1627328818623202,0.48941675803254225,589
Event_Definition,Drought,T08_D20,miroc-integ-land,CSL,0.9262177515323434,0.11815933885896938,0.8868614220418252,1987
Event_Definition,Drought,T08_D20,miroc-integ-land,PSE,0.26192638120173445,0.17388590602336151,0.6010073347621109,271
Event_Definition,Drought,T08_D20,miroc-integ-land,SWRB,6.845576024296666,0.14009114164703335,0.9799459180749405,314
Event_Definition,Drought,T08_D20,miroc-integ-land,YHH,0.5430957335273995,0.7840423319149277,0.40922323582542175,576
Event_Definition,Drought,T08_D20,miroc-integ-land,YZR,0.45445806569435604,0.1562135632028128,0.7441938419753938,675
Event_Definition,Drought,T08_D20,watergap2-2e,CSL,0.5082798472306057,0.25953063023573547,0.6619860787884173,1946
Event_Definition,Drought,T08_D20,watergap2-2e,PSE,0.16890233056801723,0.16178601886095437,0.5107598464223961,271
Event_Definition,Drought,T08_D20,watergap2-2e,SWRB,0.28735032164747265,0.05643713606578757,0.8358371290180702,314
Event_Definition,Drought,T08_D20,watergap2-2e,YHH,0.6202360802428322,0.7411340192056807,0.45559696110123765,575
Event_Definition,Drought,T08_D20,watergap2-2e,YZR,0.17666869073202318,0.10538228082533246,0.6263715021314764,675
Event_Definition,Drought,T08_D20,web-dhm-sg,CSL,0.45572556169875766,0.18499820301084277,0.7112668310427182,647
Event_Definition,Drought,T08_D20,web-dhm-sg,PSE,0.15869292341812563,0.04054376771062943,0.7965045118901902,239
Event_Definition,Drought,T08_D20,web-dhm-sg,SWRB,0.3071948652686607,0.08949108324393004,0.7744031933082459,133
Event_Definition,Drought,T08_D20,web-dhm-sg,YHH,0.3373036274068955,0.18036073129286842,0.6515875040230954,292
Event_Definition,Drought,T08_D20,web-dhm-sg,YZR,0.19097076668279553,0.08416680454960761,0.6940919258223966,532
Event_Definition,Drought,T08_D30,h08,CSL,3.357173548891772,1.5002082408805315,0.6911487904781609,1987
Event_Definition,Drought,T08_D30,h08,PSE,0.22026814534272443,0.17887103296889564,0.5518579916771649,271
Event_Definition,Drought,T08_D30,h08,SWRB,0.6458352843299681,0.051159065849516995,0.9266004583303395,314
Event_Definition,Drought,T08_D30,h08,YHH,1.3317897291288328,1.430371050855223,0.48215503557201345,576
Event_Definition,Drought,T08_D30,h08,YZR,0.2777851263156121,0.1391425991659167,0.666266859549303,675
Event_Definition,Drought,T08_D30,hydropy,CSL,0.9887418311375062,0.9883673141686279,0.5000947132761404,1985
Event_Definition,Drought,T08_D30,hydropy,PSE,0.20073932112497492,0.060839756311928055,0.7674135221055531,271
Event_Definition,Drought,T08_D30,hydropy,SWRB,0.5653247304635344,0.03519385066979109,0.9413942352901525,312
Event_Definition,Drought,T08_D30,hydropy,YHH,0.4775152027079194,0.5063902100204415,0.485326329676116,576
Event_Definition,Drought,T08_D30,hydropy,YZR,0.26017364172021823,0.05364706557816715,0.829051862001067,672
Event_Definition,Drought,T08_D30,jules-w2,CSL,1.6606736234660022,0.15370839296561997,0.915283335276922,1475
Event_Definition,Drought,T08_D30,jules-w2,PSE,0.21301774704083293,0.01145522245727285,0.9489683658442915,271
Event_Definition,Drought,T08_D30,jules-w2,SWRB,0.46123250517469877,0.04283487321954487,0.9150215327244552,314
Event_Definition,Drought,T08_D30,jules-w2,YHH,0.3184843334639929,0.04996678842790482,0.864386928254313,568
Event_Definition,Drought,T08_D30,jules-w2,YZR,0.25255582618186084,0.025919623346905493,0.9069231295226691,675
Event_Definition,Drought,T08_D30,lpjml5-7-10-fire,CSL,0.3915127796994078,0.4519484833143607,0.4641739898054059,1208
Event_Definition,Drought,T08_D30,lpjml5-7-10-fire,PSE,0.1938870684020371,0.11708097047683207,0.6234951640080336,271
Event_Definition,Drought,T08_D30,lpjml5-7-10-fire,SWRB,0.40449212390804723,0.19712833913539188,0.6723377091627308,176
Event_Definition,Drought,T08_D30,lpjml5-7-10-fire,YHH,0.3087160051171128,0.45004326964192054,0.4068694978590605,543
Event_Definition,Drought,T08_D30,lpjml5-7-10-fire,YZR,0.19505127883603884,0.19196809915305055,0.5039832368330085,589
Event_Definition,Drought,T08_D30,miroc-integ-land,CSL,1.273357269300367,0.1774001436229205,0.8777189473287214,1987
Event_Definition,Drought,T08_D30,miroc-integ-land,PSE,0.37007487554886254,0.20625114222219923,0.6421276571551037,271
Event_Definition,Drought,T08_D30,miroc-integ-land,SWRB,8.094374588569433,0.1818606892704818,0.9780261576471342,314
Event_Definition,Drought,T08_D30,miroc-integ-land,YHH,0.9796814955839461,1.2021953059936303,0.44900862178634493,576
Event_Definition,Drought,T08_D30,miroc-integ-land,YZR,0.6954721718214586,0.2033020424314266,0.7738007619628658,675
Event_Definition,Drought,T08_D30,watergap2-2e,CSL,0.5432703410765318,0.2780208726507656,0.6614832010816081,1946
Event_Definition,Drought,T08_D30,watergap2-2e,PSE,0.19068158319207693,0.1841674203217445,0.5086890492028375,271
Event_Definition,Drought,T08_D30,watergap2-2e,SWRB,0.3453209368399126,0.09104630184986189,0.7913539473695704,314
Event_Definition,Drought,T08_D30,watergap2-2e,YHH,0.5020762354535795,0.9376616218971974,0.34872753598174916,575
Event_Definition,Drought,T08_D30,watergap2-2e,YZR,0.2028137203250879,0.12992402111134635,0.6095302548173158,675
Event_Definition,Drought,T08_D30,web-dhm-sg,CSL,0.5285275951939434,0.24214234888443292,0.6858027865949742,647
Event_Definition,Drought,T08_D30,web-dhm-sg,PSE,0.21586455427727758,0.05076286659215775,0.8096112304329877,239
Event_Definition,Drought,T08_D30,web-dhm-sg,SWRB,0.39971826587813253,0.1447686536125696,0.7341191341235852,133
Event_Definition,Drought,T08_D30,web-dhm-sg,YHH,0.39964989310704624,0.2210066804534726,0.6439147028031554,292
Event_Definition,Drought,T08_D30,web-dhm-sg,YZR,0.25597490803369616,0.09125349045593471,0.7371946221770228,532
Event_Definition,Flood,T08_G10,h08,CSL,1.6464173354454779,0.2513601555869756,0.8675502492917505,1987
Event_Definition,Flood,T08_G10,h08,PSE,0.09625330710689212,0.049730038465263256,0.6593444391183436,271
Event_Definition,Flood,T08_G10,h08,SWRB,0.5827484400087865,0.015954981378414446,0.9733507763469155,314
Event_Definition,Flood,T08_G10,h08,YHH,0.2821115298012745,0.15142920941037535,0.650715156121812,576
Event_Definition,Flood,T08_G10,h08,YZR,0.37393677458588953,0.05606634578538582,0.8696140955047564,675
Event_Definition,Flood,T08_G10,hydropy,CSL,0.3360786983141887,0.06881307827829371,0.830045749860825,1985
Event_Definition,Flood,T08_G10,hydropy,PSE,0.08452995008790673,0.01522608989415711,0.8473667369224483,271
Event_Definition,Flood,T08_G10,hydropy,SWRB,0.34960968852477503,0.006727256884713169,0.9811210794407454,312
Event_Definition,Flood,T08_G10,hydropy,YHH,0.10189697384817814,0.06609782775115403,0.6065483745812716,576
Event_Definition,Flood,T08_G10,hydropy,YZR,0.15305146985134305,0.01456061519275775,0.9131290850004838,672
Event_Definition,Flood,T08_G10,jules-w2,CSL,0.3007528798623946,0.02835248021040569,0.913849837619983,1475
Event_Definition,Flood,T08_G10,jules-w2,PSE,0.09407208859396082,0.006699766849007913,0.933515495774516,271
Event_Definition,Flood,T08_G10,jules-w2,SWRB,0.47129876398765447,0.03849439869319646,0.9244901628519969,314
Event_Definition,Flood,T08_G10,jules-w2,YHH,0.09808117037189912,0.014743746565270993,0.8693218930222525,568
Event_Definition,Flood,T08_G10,jules-w2,YZR,0.14011272337315903,0.013616208007372975,0.9114271602287524,675
Event_Definition,Flood,T08_G10,lpjml5-7-10-fire,CSL,0.22727143492211196,0.17902428118424416,0.5593744307720416,1208
Event_Definition,Flood,T08_G10,lpjml5-7-10-fire,PSE,0.08404680314256024,0.04170658333223223,0.6683462409929422,271
Event_Definition,Flood,T08_G10,lpjml5-7-10-fire,SWRB,0.3434871239894967,0.11020832354946096,0.7570874379558379,176
Event_Definition,Flood,T08_G10,lpjml5-7-10-fire,YHH,0.09538525027785169,0.15307382606815276,0.38390728839794147,543
Event_Definition,Flood,T08_G10,lpjml5-7-10-fire,YZR,0.10916255507289371,0.1007466872167197,0.5200464442736699,589
Event_Definition,Flood,T08_G10,miroc-integ-land,CSL,0.32701306340078085,0.2486361134710786,0.5680770103377991,1987
Event_Definition,Flood,T08_G10,miroc-integ-land,PSE,0.1380468639408513,0.11445071329021622,0.5467254991303175,271
Event_Definition,Flood,T08_G10,miroc-integ-land,SWRB,0.986618841231434,0.11777373155540401,0.893358816006692,314
Event_Definition,Flood,T08_G10,miroc-integ-land,YHH,0.28780489615609917,0.30466333396657713,0.4857727073340395,576
Event_Definition,Flood,T08_G10,miroc-integ-land,YZR,0.22256632525421532,0.08011360328324449,0.7353190755979394,675
Event_Definition,Flood,T08_G10,watergap2-2e,CSL,0.6285530533549533,0.22681704943073216,0.7348316843293252,1946
Event_Definition,Flood,T08_G10,watergap2-2e,PSE,0.07353239850031489,0.03705034197962142,0.6649536643890311,271
Event_Definition,Flood,T08_G10,watergap2-2e,SWRB,0.41532742180740945,0.02931299732045393,0.9340748252757819,314
Event_Definition,Flood,T08_G10,watergap2-2e,YHH,0.45330250718425713,0.1645674566417166,0.7336535739289184,575
Event_Definition,Flood,T08_G10,watergap2-2e,YZR,0.22461380490708932,0.03774088518072942,0.8561455670257074,675
Event_Definition,Flood,T08_G10,web-dhm-sg,CSL,0.20231767450182978,0.09579481271272451,0.6786621935639344,647
Event_Definition,Flood,T08_G10,web-dhm-sg,PSE,0.0877680162309627,0.01887880128223961,0.8229782967513071,239
Event_Definition,Flood,T08_G10,web-dhm-sg,SWRB,0.1939480019755797,0.05899085174441013,0.766778211900515,133
Event_Definition,Flood,T08_G10,web-dhm-sg,YHH,0.13274003333650686,0.07050411516225713,0.6531062976079437,292
Event_Definition,Flood,T08_G10,web-dhm-sg,YZR,0.09409988517343895,0.0392829021229191,0.7054874701663121,532
Event_Definition,Flood,T08_G20,h08,CSL,1.3066742964005909,0.2285870603140005,0.8511086993010953,1987
Event_Definition,Flood,T08_G20,h08,PSE,0.08842533931834178,0.04816959740842209,0.6473544440027261,271
Event_Definition,Flood,T08_G20,h08,SWRB,0.44799364541636527,0.0170759259623674,0.9632830720106142,314
Event_Definition,Flood,T08_G20,h08,YHH,0.24222968454830907,0.14306663423260982,0.6286841393001782,576
Event_Definition,Flood,T08_G20,h08,YZR,0.31403027732924893,0.05500761931919429,0.8509431692008688,675
Event_Definition,Flood,T08_G20,hydropy,CSL,0.27378816462739597,0.06066686394940546,0.818609801719652,1985
Event_Definition,Flood,T08_G20,hydropy,PSE,0.0697866689464285,0.013040733687845842,0.842555322597433,271
Event_Definition,Flood,T08_G20,hydropy,SWRB,0.24866540847548957,0.007479922826679697,0.9707981293718925,312
Event_Definition,Flood,T08_G20,hydropy,YHH,0.0922812833793017,0.06084611420373975,0.6026438432042005,576
Event_Definition,Flood,T08_G20,hydropy,YZR,0.11447716465387553,0.01557702089567485,0.8802266852861875,672
Event_Definition,Flood,T08_G20,jules-w2,CSL,0.2327795382978572,0.029709797124057684,0.886815222125869,1475
Event_Definition,Flood,T08_G20,jules-w2,PSE,0.07534589532467796,0.005840840128529246,0.9280567189218284,271
Event_Definition,Flood,T08_G20,jules-w2,SWRB,0.34947176329846974,0.034071943052261154,0.911165422641288,314
Event_Definition,Flood,T08_G20,jules-w2,YHH,0.08273025119391499,0.015801309155119868,0.8396320011664705,568
Event_Definition,Flood,T08_G20,jules-w2,YZR,0.11426412975992122,0.014205139367454689,0.8894277249030625,675
Event_Definition,Flood,T08_G20,lpjml5-7-10-fire,CSL,0.19980632341593046,0.14727940939650727,0.5756685006810814,1208
Event_Definition,Flood,T08_G20,lpjml5-7-10-fire,PSE,0.06904409282984246,0.03865790258436382,0.6410660504878195,271
Event_Definition,Flood,T08_G20,lpjml5-7-10-fire,SWRB,0.2621121060094622,0.0863164495976117,0.7522693010989847,176
Event_Definition,Flood,T08_G20,lpjml5-7-10-fire,YHH,0.09411479652486472,0.1283902739976211,0.42297821035657573,543
Event_Definition,Flood,T08_G20,lpjml5-7-10-fire,YZR,0.09747023502692999,0.08232277467500926,0.5421247199127268,589
Event_Definition,Flood,T08_G20,miroc-integ-land,CSL,0.24452344255140143,0.15380272879126006,0.6138774204245026,1987
Event_Definition,Flood,T08_G20,miroc-integ-land,PSE,0.1231791805730879,0.10033703922622131,0.5510972791311881,271
Event_Definition,Flood,T08_G20,miroc-integ-land,SWRB,0.7752719959101552,0.09470404345788273,0.8911417795751283,314
Event_Definition,Flood,T08_G20,miroc-integ-land,YHH,0.20044618861465976,0.21366471068826476,0.4840398766419142,576
Event_Definition,Flood,T08_G20,miroc-integ-land,YZR,0.16774539184615017,0.06690369885903337,0.7148776555750982,675
Event_Definition,Flood,T08_G20,watergap2-2e,CSL,0.4650841210604015,0.17503285526340479,0.726561141576624,1946
Event_Definition,Flood,T08_G20,watergap2-2e,PSE,0.06648352425618588,0.03248491085059997,0.6717649337836946,271
Event_Definition,Flood,T08_G20,watergap2-2e,SWRB,0.2588006897685679,0.02389690036042383,0.9154683265976199,314
Event_Definition,Flood,T08_G20,watergap2-2e,YHH,0.3477079477299051,0.1373292607934508,0.7168686064074649,575
Event_Definition,Flood,T08_G20,watergap2-2e,YZR,0.15376981648101457,0.03200004134241615,0.827743630116618,675
Event_Definition,Flood,T08_G20,web-dhm-sg,CSL,0.17932251398343238,0.08653493489849158,0.6745062616736212,647
Event_Definition,Flood,T08_G20,web-dhm-sg,PSE,0.08080065099691192,0.018717128229725107,0.8119217653852624,239
Event_Definition,Flood,T08_G20,web-dhm-sg,SWRB,0.16563357165489917,0.054839611044248324,0.7512640296072599,133
Event_Definition,Flood,T08_G20,web-dhm-sg,YHH,0.10949071095286189,0.06765463934203392,0.6180840240547748,292
Event_Definition,Flood,T08_G20,web-dhm-sg,YZR,0.08713216730774832,0.0372291170448751,0.7006374030416667,532
Event_Definition,Flood,T08_G30,h08,CSL,1.0132026540667904,0.18699441251774035,0.8441969092210158,1987
Event_Definition,Flood,T08_G30,h08,PSE,0.07521308140288496,0.03911678600204523,0.657860304661226,271
Event_Definition,Flood,T08_G30,h08,SWRB,0.3297779732737308,0.010866999213919194,0.968098753565743,314
Event_Definition,Flood,T08_G30,h08,YHH,0.20228282225636623,0.13560949370179673,0.5986606167197138,576
Event_Definition,Flood,T08_G30,h08,YZR,0.2342806142142937,0.050432323934314766,0.8228660619982393,675
Event_Definition,Flood,T08_G30,hydropy,CSL,0.22901055943274365,0.05007596156625863,0.8205719094314926,1985
Event_Definition,Flood,T08_G30,hydropy,PSE,0.059659603518325006,0.011607425914704915,0.837127687135992,271
Event_Definition,Flood,T08_G30,hydropy,SWRB,0.17196624797239815,0.0052510407481177355,0.9703694781359679,312
Event_Definition,Flood,T08_G30,hydropy,YHH,0.090297055142431,0.056744287932156065,0.6140929704146378,576
Event_Definition,Flood,T08_G30,hydropy,YZR,0.08768850185695672,0.013942206718228246,0.8628150200496338,672
Event_Definition,Flood,T08_G30,jules-w2,CSL,0.19232112936160872,0.02783023885085497,0.8735858919396015,1475
Event_Definition,Flood,T08_G30,jules-w2,PSE,0.06377388090208763,0.004784801582978462,0.9302086707395417,271
Event_Definition,Flood,T08_G30,jules-w2,SWRB,0.2694988179492692,0.028290603633337484,0.9049979563310657,314
Event_Definition,Flood,T08_G30,jules-w2,YHH,0.07053205313832897,0.015240422137126043,0.8223157010663152,568
Event_Definition,Flood,T08_G30,jules-w2,YZR,0.09620041206749308,0.013294631926151372,0.8785823408872911,675
Event_Definition,Flood,T08_G30,lpjml5-7-10-fire,CSL,0.17429073983191054,0.12095633295927291,0.5903216522494686,1208
Event_Definition,Flood,T08_G30,lpjml5-7-10-fire,PSE,0.06639499539768341,0.03742154219274095,0.6395416080973927,271
Event_Definition,Flood,T08_G30,lpjml5-7-10-fire,SWRB,0.20384064866236962,0.06700726439412479,0.7526018803765042,176
Event_Definition,Flood,T08_G30,lpjml5-7-10-fire,YHH,0.08959613284694867,0.10168184758861964,0.46840798215730317,543
Event_Definition,Flood,T08_G30,lpjml5-7-10-fire,YZR,0.08884252043093131,0.0700235206473571,0.5592291456872784,589
Event_Definition,Flood,T08_G30,miroc-integ-land,CSL,0.1710515320552484,0.09954509937507314,0.6321273518857313,1987
Event_Definition,Flood,T08_G30,miroc-integ-land,PSE,0.11512117163754798,0.10020709567273917,0.5346310220926955,271
Event_Definition,Flood,T08_G30,miroc-integ-land,SWRB,0.6469089001310712,0.08906097302920539,0.8789882897695596,314
Event_Definition,Flood,T08_G30,miroc-integ-land,YHH,0.15044397953752348,0.18336327564577093,0.45069116144559024,576
Event_Definition,Flood,T08_G30,miroc-integ-land,YZR,0.14294624451281426,0.05705641696760037,0.7147217114748864,675
Event_Definition,Flood,T08_G30,watergap2-2e,CSL,0.3521715710050373,0.127673069654076,0.733928320052289,1946
Event_Definition,Flood,T08_G30,watergap2-2e,PSE,0.05701824542073165,0.02864656590821881,0.6655970466307711,271
Event_Definition,Flood,T08_G30,watergap2-2e,SWRB,0.16489211193712966,0.013457280184207557,0.9245454104208435,314
Event_Definition,Flood,T08_G30,watergap2-2e,YHH,0.18637528572879955,0.09758909307760795,0.6563333278356746,575
Event_Definition,Flood,T08_G30,watergap2-2e,YZR,0.09810587892975607,0.028066082683702462,0.7775568967558264,675
Event_Definition,Flood,T08_G30,web-dhm-sg,CSL,0.16129546001015005,0.08189838485335602,0.6632382497208268,647
Event_Definition,Flood,T08_G30,web-dhm-sg,PSE,0.07462542041675745,0.0185843778471161,0.8006177655861415,239
Event_Definition,Flood,T08_G30,web-dhm-sg,SWRB,0.14043254826324073,0.05891329664967156,0.7044668943292555,133
Event_Definition,Flood,T08_G30,web-dhm-sg,YHH,0.10081337375157284,0.0647879134233718,0.6087716796855056,292
Event_Definition,Flood,T08_G30,web-dhm-sg,YZR,0.07905253824331925,0.03488967859069472,0.6937949817009399,532
Event_Definition,Drought,T10_D10,h08,CSL,4.583232773279915,2.084334058074967,0.687392101077535,1987
Event_Definition,Drought,T10_D10,h08,PSE,0.19615675053371534,0.14479701205434797,0.5753177470304377,271
Event_Definition,Drought,T10_D10,h08,SWRB,0.8306085369552842,0.02751156082954175,0.967939731395919,314
Event_Definition,Drought,T10_D10,h08,YHH,2.131069194079325,1.9590448843094987,0.5210292801707856,576
Event_Definition,Drought,T10_D10,h08,YZR,0.26051411303161165,0.13797341136262067,0.6537572623575523,675
Event_Definition,Drought,T10_D10,hydropy,CSL,1.1804880615980664,1.5654640831826188,0.42990117793635113,1985
Event_Definition,Drought,T10_D10,hydropy,PSE,0.1742925337060923,0.048000215453889356,0.7840675611990199,271
Event_Definition,Drought,T10_D10,hydropy,SWRB,0.4042721612175129,0.02087319687291006,0.9509033875692214,312
Event_Definition,Drought,T10_D10,hydropy,YHH,0.44782072643595916,0.5340478815922354,0.4560902780416623,576
Event_Definition,Drought,T10_D10,hydropy,YZR,0.2562354826463748,0.05148782199645938,0.8326814341987524,672
Event_Definition,Drought,T10_D10,jules-w2,CSL,1.5498947333996576,0.12570687496129632,0.9249780649922742,1475
Event_Definition,Drought,T10_D10,jules-w2,PSE,0.16909059492096762,0.011612056804886467,0.93573942222772,271
Event_Definition,Drought,T10_D10,jules-w2,SWRB,0.38494308972292474,0.029457887271338967,0.9289145322846409,314
Event_Definition,Drought,T10_D10,jules-w2,YHH,0.19240757226510588,0.029770019668540253,0.8660080010344556,568
Event_Definition,Drought,T10_D10,jules-w2,YZR,0.19802321709113696,0.01820268657328053,0.9158163464007019,675
Event_Definition,Drought,T10_D10,lpjml5-7-10-fire,CSL,0.3142602260763184,0.3481312263783021,0.47443279183595427,1208
Event_Definition,Drought,T10_D10,lpjml5-7-10-fire,PSE,0.12596656749826374,0.0944855604390966,0.5714010051835657,271
Event_Definition,Drought,T10_D10,lpjml5-7-10-fire,SWRB,0.31415601420671196,0.10945246327556077,0.7416188081832211,176
Event_Definition,Drought,T10_D10,lpjml5-7-10-fire,YHH,0.21308529065977394,0.3621446333683595,0.3704349891389731,543
Event_Definition,Drought,T10_D10,lpjml5-7-10-fire,YZR,0.14740842549419456,0.16281646291024138,0.4751663422375712,589
Event_Definition,Drought,T10_D10,miroc-integ-land,CSL,1.0155527771222619,0.10240176830702805,0.9084025654480379,1987
Event_Definition,Drought,T10_D10,miroc-integ-land,PSE,0.2650695630223499,0.1779485073389942,0.5983267517872308,271
Event_Definition,Drought,T10_D10,miroc-integ-land,SWRB,9.549160634135339,0.11530145956204561,0.9880695419523412,314
Event_Definition,Drought,T10_D10,miroc-integ-land,YHH,0.44713386337960953,0.6785909211940536,0.3971964280318737,576
Event_Definition,Drought,T10_D10,miroc-integ-land,YZR,0.4092807014383424,0.1602366525831769,0.7186448289034537,675
Event_Definition,Drought,T10_D10,watergap2-2e,CSL,0.578618288244785,0.33676838787116964,0.6321025893668238,1946
Event_Definition,Drought,T10_D10,watergap2-2e,PSE,0.16488819949107256,0.16898834727520615,0.4938597846661512,271
Event_Definition,Drought,T10_D10,watergap2-2e,SWRB,0.2590674718247111,0.05089775552914991,0.8357952730257571,314
Event_Definition,Drought,T10_D10,watergap2-2e,YHH,0.8962700891467873,0.8654392700959869,0.5087502569277523,575
Event_Definition,Drought,T10_D10,watergap2-2e,YZR,0.15837632356623724,0.11236630594403967,0.5849700280030175,675
Event_Definition,Drought,T10_D10,web-dhm-sg,CSL,0.3974716858778754,0.16429159473352817,0.7075430160641348,647
Event_Definition,Drought,T10_D10,web-dhm-sg,PSE,0.15671629996041364,0.03885360262585365,0.8013313801763795,239
Event_Definition,Drought,T10_D10,web-dhm-sg,SWRB,0.24143207852967913,0.09763584370053818,0.7120463562039754,133
Event_Definition,Drought,T10_D10,web-dhm-sg,YHH,0.27089627505977903,0.15652743703980568,0.6337885975700462,292
Event_Definition,Drought,T10_D10,web-dhm-sg,YZR,0.1724491354874938,0.0675920658424866,0.7184147326876231,532
Event_Definition,Drought,T10_D20,h08,CSL,4.0040850650404085,1.868300241512624,0.681849854193359,1987
Event_Definition,Drought,T10_D20,h08,PSE,0.23886746709618714,0.18404286117352797,0.5648182395390616,271
Event_Definition,Drought,T10_D20,h08,SWRB,0.9107689219741869,0.04382421933834556,0.9540912065656697,314
Event_Definition,Drought,T10_D20,h08,YHH,1.9756989460624712,2.015581471942376,0.49500379305598363,576
Event_Definition,Drought,T10_D20,h08,YZR,0.30352042934172985,0.17734934658716048,0.6311904896817919,675
Event_Definition,Drought,T10_D20,hydropy,CSL,1.320190903085418,1.545018323499615,0.46076596809613046,1985
Event_Definition,Drought,T10_D20,hydropy,PSE,0.19716139141857664,0.05337362829128887,0.7869614062213789,271
Event_Definition,Drought,T10_D20,hydropy,SWRB,0.5048819614068215,0.028358055033328684,0.946819341836639,312
Event_Definition,Drought,T10_D20,hydropy,YHH,0.44192307432717837,0.7593446190870586,0.3678805954326024,576
Event_Definition,Drought,T10_D20,hydropy,YZR,0.2955574803502056,0.06149185601997218,0.8277777053302815,672
Event_Definition,Drought,T10_D20,jules-w2,CSL,1.641706328525763,0.16075121348925617,0.910815533935103,1475
Event_Definition,Drought,T10_D20,jules-w2,PSE,0.21567999527875936,0.012554335853697118,0.9449936572144741,271
Event_Definition,Drought,T10_D20,jules-w2,SWRB,0.46129093171610563,0.04359603176217073,0.9136518965317937,314
Event_Definition,Drought,T10_D20,jules-w2,YHH,0.25667044508220355,0.042880338407907975,0.8568511892764803,568
Event_Definition,Drought,T10_D20,jules-w2,YZR,0.24252237071179672,0.023496502194961775,0.9116735518115007,675
Event_Definition,Drought,T10_D20,lpjml5-7-10-fire,CSL,0.4108216184532834,0.4663377751800371,0.46835457892276694,1208
Event_Definition,Drought,T10_D20,lpjml5-7-10-fire,PSE,0.18391694459118707,0.13064756422708249,0.5846716315267457,271
Event_Definition,Drought,T10_D20,lpjml5-7-10-fire,SWRB,0.39505896993833267,0.1625558626946522,0.7084800238776209,176
Event_Definition,Drought,T10_D20,lpjml5-7-10-fire,YHH,0.30157563993814285,0.4471205292336545,0.4028010992386188,543
Event_Definition,Drought,T10_D20,lpjml5-7-10-fire,YZR,0.18675021730246344,0.20049137949384707,0.4822576366988132,589
Event_Definition,Drought,T10_D20,miroc-integ-land,CSL,1.328746913112618,0.1661047987120321,0.8888820895088779,1987
Event_Definition,Drought,T10_D20,miroc-integ-land,PSE,0.38784881862689924,0.24668223950327378,0.6112369342011509,271
Event_Definition,Drought,T10_D20,miroc-integ-land,SWRB,7.992114041804934,0.15092629781865502,0.9814656084798873,314
Event_Definition,Drought,T10_D20,miroc-integ-land,YHH,1.0828736122413665,1.017105708893237,0.5156591788038645,576
Event_Definition,Drought,T10_D20,miroc-integ-land,YZR,0.6630551229063155,0.2130912134509765,0.7567858192080849,675
Event_Definition,Drought,T10_D20,watergap2-2e,CSL,0.6451094962719133,0.3555384334408351,0.644691781311237,1946
Event_Definition,Drought,T10_D20,watergap2-2e,PSE,0.2725541590952955,0.2883321275523293,0.48593478853678396,271
Event_Definition,Drought,T10_D20,watergap2-2e,SWRB,0.31938842738205914,0.08190569364184459,0.7958961037533722,314
Event_Definition,Drought,T10_D20,watergap2-2e,YHH,0.7514387641757153,1.132633009412115,0.39883765295456525,575
Event_Definition,Drought,T10_D20,watergap2-2e,YZR,0.20334031965639432,0.15527678970644918,0.5670123213520679,675
Event_Definition,Drought,T10_D20,web-dhm-sg,CSL,0.6131713761676982,0.23860982304340972,0.719869582394631,647
Event_Definition,Drought,T10_D20,web-dhm-sg,PSE,0.23819029036282546,0.046130669833060474,0.8377514278184829,239
Event_Definition,Drought,T10_D20,web-dhm-sg,SWRB,0.3855384964674234,0.13157782180877198,0.7455546901954555,133
Event_Definition,Drought,T10_D20,web-dhm-sg,YHH,0.47402224072033533,0.2701745612570576,0.6369581802297709,292
Event_Definition,Drought,T10_D20,web-dhm-sg,YZR,0.24646912381021951,0.10221413436181388,0.7068567762683248,532
Event_Definition,Drought,T10_D30,h08,CSL,3.719681185994549,1.8060316046710974,0.67315861806608,1987
Event_Definition,Drought,T10_D30,h08,PSE,0.30010903002742434,0.22467253797104522,0.5718741821898355,271
Event_Definition,Drought,T10_D30,h08,SWRB,1.2023927198756745,0.07874806052436881,0.9385328593632158,314
Event_Definition,Drought,T10_D30,h08,YHH,1.7228371359540764,2.0902825477591405,0.45181826925410773,576
Event_Definition,Drought,T10_D30,h08,YZR,0.3382049612016513,0.20208471397606603,0.6259696913334604,675
Event_Definition,Drought,T10_D30,hydropy,CSL,1.4109088159963503,1.6151094037009428,0.4662591939507523,1985
Event_Definition,Drought,T10_D30,hydropy,PSE,0.24803187594743145,0.08521187248698552,0.7442956607969036,271
Event_Definition,Drought,T10_D30,hydropy,SWRB,0.6985612146359992,0.1173315323864712,0.8561924556693727,312
Event_Definition,Drought,T10_D30,hydropy,YHH,0.5989347419802309,0.8281994716611351,0.41967653515364545,576
Event_Definition,Drought,T10_D30,hydropy,YZR,0.3492929560675699,0.08091818712638506,0.8119105271759449,672
Event_Definition,Drought,T10_D30,jules-w2,CSL,1.7866570820611123,0.21688493006401155,0.8917492477065827,1475
Event_Definition,Drought,T10_D30,jules-w2,PSE,0.2605109909192792,0.015133974919509506,0.9450961316363723,271
Event_Definition,Drought,T10_D30,jules-w2,SWRB,0.6063542621329605,0.05291171938470904,0.9197414687423987,314
Event_Definition,Drought,T10_D30,jules-w2,YHH,0.397332499411984,0.0763507555707711,0.838814746420473,568
Event_Definition,Drought,T10_D30,jules-w2,YZR,0.3120629896633854,0.028694160940623215,0.9157929308606982,675
Event_Definition,Drought,T10_D30,lpjml5-7-10-fire,CSL,0.5700906388969642,0.6337189008311873,0.47357212256824616,1208
Event_Definition,Drought,T10_D30,lpjml5-7-10-fire,PSE,0.2388298145662923,0.14122493469863195,0.6284089727288515,271
Event_Definition,Drought,T10_D30,lpjml5-7-10-fire,SWRB,0.4880144239434912,0.5572219669057851,0.46689383207081925,176
Event_Definition,Drought,T10_D30,lpjml5-7-10-fire,YHH,0.3892935550761538,0.5338974048592888,0.4216825900281525,543
Event_Definition,Drought,T10_D30,lpjml5-7-10-fire,YZR,0.24424917391451426,0.24038250185872487,0.5039892894429775,589
Event_Definition,Drought,T10_D30,miroc-integ-land,CSL,1.6456099280251417,0.33182549739139006,0.8321940159833571,1987
Event_Definition,Drought,T10_D30,miroc-integ-land,PSE,0.37866830344651753,0.2506181941845966,0.6017422984157079,271
Event_Definition,Drought,T10_D30,miroc-integ-land,SWRB,7.073918524271265,0.2198175992777101,0.9698621398479177,314
Event_Definition,Drought,T10_D30,miroc-integ-land,YHH,1.4190677985189626,1.8445130996593622,0.4348192500179977,576
Event_Definition,Drought,T10_D30,miroc-integ-land,YZR,0.9373545557527061,0.264678532956426,0.779807614746558,675
Event_Definition,Drought,T10_D30,watergap2-2e,CSL,0.7135868484056618,0.36907069555586264,0.6591067068120122,1946
Event_Definition,Drought,T10_D30,watergap2-2e,PSE,0.2203079547136682,0.2562788338018512,0.4622619846426863,271
Event_Definition,Drought,T10_D30,watergap2-2e,SWRB,0.4460226328337635,0.1493215917823524,0.7491844455556169,314
Event_Definition,Drought,T10_D30,watergap2-2e,YHH,0.621206889236469,1.4158398074631109,0.30495466316159936,575
Event_Definition,Drought,T10_D30,watergap2-2e,YZR,0.24547882317406097,0.20122130779323574,0.5495382834173216,675
Event_Definition,Drought,T10_D30,web-dhm-sg,CSL,0.884942251351761,0.4058340250569563,0.6855891818944065,647
Event_Definition,Drought,T10_D30,web-dhm-sg,PSE,0.2981681749324469,0.05696276848853308,0.839600661266489,239
Event_Definition,Drought,T10_D30,web-dhm-sg,SWRB,0.48659027363677426,0.17689273877790615,0.7333876897102118,133
Event_Definition,Drought,T10_D30,web-dhm-sg,YHH,0.670382157874175,0.33751427520653915,0.6651300033130384,292
Event_Definition,Drought,T10_D30,web-dhm-sg,YZR,0.35123891605883684,0.1355753944589477,0.7215049115652593,532
Event_Definition,Flood,T10_G10,h08,CSL,2.252699453772077,0.3395670100431592,0.8690076754133552,1987
Event_Definition,Flood,T10_G10,h08,PSE,0.11073514011080161,0.05044838023412072,0.6870127905994085,271
Event_Definition,Flood,T10_G10,h08,SWRB,0.8164890628265994,0.01995723709795845,0.9761404442822468,314
Event_Definition,Flood,T10_G10,h08,YHH,0.38319571162184435,0.1565233083821409,0.709991120229587,576
Event_Definition,Flood,T10_G10,h08,YZR,0.7326863314841338,0.059938509874643935,0.9243797232346481,675
Event_Definition,Flood,T10_G10,hydropy,CSL,0.4022257132351819,0.06436884253834767,0.8620454487908978,1985
Event_Definition,Flood,T10_G10,hydropy,PSE,0.09816829239727053,0.017030024667441086,0.8521677651082816,271
Event_Definition,Flood,T10_G10,hydropy,SWRB,0.48615713202220684,0.006884139168616268,0.9860373977375377,312
Event_Definition,Flood,T10_G10,hydropy,YHH,0.1306618366822736,0.060807955441824144,0.6824148876580356,576
Event_Definition,Flood,T10_G10,hydropy,YZR,0.20410013958860665,0.015245262425506065,0.9304965488881085,672
Event_Definition,Flood,T10_G10,jules-w2,CSL,0.4442202181846773,0.0361452664148848,0.9247546554161444,1475
Event_Definition,Flood,T10_G10,jules-w2,PSE,0.11304136956453781,0.006885004520522177,0.9425897383036123,271
Event_Definition,Flood,T10_G10,jules-w2,SWRB,0.7692633142757733,0.05194076714357767,0.936750476137668,314
Event_Definition,Flood,T10_G10,jules-w2,YHH,0.11474247123912693,0.017470525222737378,0.8678607573365407,568
Event_Definition,Flood,T10_G10,jules-w2,YZR,0.2083871976725882,0.019150619412275603,0.9158354437182058,675
Event_Definition,Flood,T10_G10,lpjml5-7-10-fire,CSL,0.3025843142004146,0.24204495885567262,0.5555784993019531,1208
Event_Definition,Flood,T10_G10,lpjml5-7-10-fire,PSE,0.09752328382992942,0.051617825201787135,0.6538994142063808,271
Event_Definition,Flood,T10_G10,lpjml5-7-10-fire,SWRB,0.4836019770943116,0.14742277231948925,0.7663756097420272,176
Event_Definition,Flood,T10_G10,lpjml5-7-10-fire,YHH,0.11252274004992846,0.18938416539621927,0.3727067450929822,543
Event_Definition,Flood,T10_G10,lpjml5-7-10-fire,YZR,0.143024234654896,0.12614313368013658,0.5313580005614713,589
Event_Definition,Flood,T10_G10,miroc-integ-land,CSL,0.5035332555264286,0.4026462101404806,0.5556661506954914,1987
Event_Definition,Flood,T10_G10,miroc-integ-land,PSE,0.16087136344107905,0.13180810831538112,0.5496503136200164,271
Event_Definition,Flood,T10_G10,miroc-integ-land,SWRB,1.4937564514605983,0.16242989816533787,0.9019253490393614,314
Event_Definition,Flood,T10_G10,miroc-integ-land,YHH,0.46242548046825976,0.7973537199654415,0.36706867386686626,576
Event_Definition,Flood,T10_G10,miroc-integ-land,YZR,0.5267492658407872,0.09879342632737158,0.8420676517138277,675
Event_Definition,Flood,T10_G10,watergap2-2e,CSL,1.1154929489433811,0.3167281131408712,0.7788552888058008,1946
Event_Definition,Flood,T10_G10,watergap2-2e,PSE,0.08928759876307528,0.03508330681540153,0.7179138750158548,271
Event_Definition,Flood,T10_G10,watergap2-2e,SWRB,0.6045141621356901,0.04163159976872446,0.935569337101242,314
Event_Definition,Flood,T10_G10,watergap2-2e,YHH,0.6422853046020751,0.41905615844950383,0.6051636791380697,575
Event_Definition,Flood,T10_G10,watergap2-2e,YZR,0.34994006426571406,0.04629038635614637,0.8831730719244412,675
Event_Definition,Flood,T10_G10,web-dhm-sg,CSL,0.260042672012223,0.11371691466806573,0.695748500585382,647
Event_Definition,Flood,T10_G10,web-dhm-sg,PSE,0.1089483187135728,0.017750815516160773,0.8598978941405028,239
Event_Definition,Flood,T10_G10,web-dhm-sg,SWRB,0.25606006066324627,0.07239873035828762,0.7795804760374305,133
Event_Definition,Flood,T10_G10,web-dhm-sg,YHH,0.14445482940891322,0.07318746823524144,0.6637258978266117,292
Event_Definition,Flood,T10_G10,web-dhm-sg,YZR,0.11533274568183856,0.04433347497249336,0.7223365418758627,532
Event_Definition,Flood,T10_G20,h08,CSL,1.8199522973746076,0.2857041719787484,0.8643158672190779,1987
Event_Definition,Flood,T10_G20,h08,PSE,0.1026949444417839,0.04657823877130338,0.6879664667912052,271
Event_Definition,Flood,T10_G20,h08,SWRB,0.6382077007077079,0.01644543329478059,0.9748791651019301,314
Event_Definition,Flood,T10_G20,h08,YHH,0.3015630612458769,0.15006256051018543,0.667727973610764,576
Event_Definition,Flood,T10_G20,h08,YZR,0.5473339283650508,0.05864587255751476,0.9032214069376072,675
Event_Definition,Flood,T10_G20,hydropy,CSL,0.33791934924371403,0.058119997225761236,0.8532469115912935,1985
Event_Definition,Flood,T10_G20,hydropy,PSE,0.09016833819526207,0.012811646950245299,0.8755909031046872,271
Event_Definition,Flood,T10_G20,hydropy,SWRB,0.36179484175303817,0.005661445508776741,0.984592873479008,312
Event_Definition,Flood,T10_G20,hydropy,YHH,0.116711221890975,0.05681578499344112,0.6725824641735144,576
Event_Definition,Flood,T10_G20,hydropy,YZR,0.1569592044076273,0.014259763360686645,0.9167162169790537,672
Event_Definition,Flood,T10_G20,jules-w2,CSL,0.36223417157281074,0.0369420630727688,0.9074542523665796,1475
Event_Definition,Flood,T10_G20,jules-w2,PSE,0.09584408508048274,0.005657836226221415,0.9442588263021606,271
Event_Definition,Flood,T10_G20,jules-w2,SWRB,0.5873708786309165,0.04841592490701127,0.923848804917633,314
Event_Definition,Flood,T10_G20,jules-w2,YHH,0.1011256789659795,0.01719827395457275,0.8546509516452648,568
Event_Definition,Flood,T10_G20,jules-w2,YZR,0.1681931369215,0.018072163518123775,0.9029762200717482,675
Event_Definition,Flood,T10_G20,lpjml5-7-10-fire,CSL,0.2668488626732811,0.19888928105627435,0.5729590033927622,1208
Event_Definition,Flood,T10_G20,lpjml5-7-10-fire,PSE,0.08300202818251318,0.04515342370997538,0.6476667746616411,271
Event_Definition,Flood,T10_G20,lpjml5-7-10-fire,SWRB,0.37549539602858467,0.12511303262471477,0.7500780540965225,176
Event_Definition,Flood,T10_G20,lpjml5-7-10-fire,YHH,0.10496213486892003,0.15608714854885145,0.40207785095101517,543
Event_Definition,Flood,T10_G20,lpjml5-7-10-fire,YZR,0.12565202592526373,0.10418897093817978,0.5466910935820468,589
Event_Definition,Flood,T10_G20,miroc-integ-land,CSL,0.3596785127710664,0.2672500432421753,0.5737153130467222,1987
Event_Definition,Flood,T10_G20,miroc-integ-land,PSE,0.1551408362408435,0.12275736928948523,0.5582649803181691,271
Event_Definition,Flood,T10_G20,miroc-integ-land,SWRB,1.1757934358866715,0.14170404884207102,0.8924445393751577,314
Event_Definition,Flood,T10_G20,miroc-integ-land,YHH,0.3206114165851491,0.4985240871830816,0.3914021735234957,576
Event_Definition,Flood,T10_G20,miroc-integ-land,YZR,0.3688089219304772,0.08753982643382123,0.8081734052134638,675
Event_Definition,Flood,T10_G20,watergap2-2e,CSL,0.7882669378062029,0.23397333342511759,0.7711170846915575,1946
Event_Definition,Flood,T10_G20,watergap2-2e,PSE,0.08093540258227053,0.032379629366052896,0.7142512444349006,271
Event_Definition,Flood,T10_G20,watergap2-2e,SWRB,0.42792390873208463,0.02855911925833664,0.9374366241302274,314
Event_Definition,Flood,T10_G20,watergap2-2e,YHH,0.36684137381496307,0.29863122260050146,0.5512494064983834,575
Event_Definition,Flood,T10_G20,watergap2-2e,YZR,0.24532472545589562,0.03783460797939191,0.8663840336096902,675
Event_Definition,Flood,T10_G20,web-dhm-sg,CSL,0.23401890331694564,0.10594605937935649,0.6883618284099461,647
Event_Definition,Flood,T10_G20,web-dhm-sg,PSE,0.09835969126773782,0.017194607698153053,0.851198892191553,239
Event_Definition,Flood,T10_G20,web-dhm-sg,SWRB,0.20771999158969054,0.07559901390159991,0.7331664574690033,133
Event_Definition,Flood,T10_G20,web-dhm-sg,YHH,0.12969118653613246,0.07255156824448115,0.6412649327132498,292
Event_Definition,Flood,T10_G20,web-dhm-sg,YZR,0.1060960114502911,0.039503128934577886,0.7286856994474182,532
Event_Definition,Flood,T10_G30,h08,CSL,1.415038514090193,0.23302956172583358,0.8586044077029701,1987
Event_Definition,Flood,T10_G30,h08,PSE,0.09017561161131712,0.04060804499592515,0.689502143850622,271
Event_Definition,Flood,T10_G30,h08,SWRB,0.4861322569827305,0.013613276250694152,0.9727595839374205,314
Event_Definition,Flood,T10_G30,h08,YHH,0.23148465710969954,0.13396495891216578,0.6334242723512659,576
Event_Definition,Flood,T10_G30,h08,YZR,0.389364480339955,0.05038933476557699,0.8854146728585298,675
Event_Definition,Flood,T10_G30,hydropy,CSL,0.2785658826214688,0.0484376398850786,0.8518742565407418,1985
Event_Definition,Flood,T10_G30,hydropy,PSE,0.0769909513907577,0.012492744022696472,0.8603908347216275,271
Event_Definition,Flood,T10_G30,hydropy,SWRB,0.27318676849905377,0.005091735035312246,0.9817027367524153,312
Event_Definition,Flood,T10_G30,hydropy,YHH,0.10506118591407816,0.0492060817753378,0.6810335561630373,576
Event_Definition,Flood,T10_G30,hydropy,YZR,0.11826980895170196,0.013463422180925725,0.8977978292556197,672
Event_Definition,Flood,T10_G30,jules-w2,CSL,0.29611136638539387,0.03303165208022529,0.899643467346777,1475
Event_Definition,Flood,T10_G30,jules-w2,PSE,0.08379007579268309,0.004568681455268845,0.9482939597888613,271
Event_Definition,Flood,T10_G30,jules-w2,SWRB,0.4841358997185057,0.04260811287488063,0.9191103992523756,314
Event_Definition,Flood,T10_G30,jules-w2,YHH,0.08767028731763744,0.017402553179578163,0.8343762946045099,568
Event_Definition,Flood,T10_G30,jules-w2,YZR,0.14693259370756243,0.015580430895788687,0.9041281095234294,675
Event_Definition,Flood,T10_G30,lpjml5-7-10-fire,CSL,0.23237208738645654,0.1642408989035421,0.5858912729008547,1208
Event_Definition,Flood,T10_G30,lpjml5-7-10-fire,PSE,0.07507569938607145,0.04011793734018695,0.6517347791048421,271
Event_Definition,Flood,T10_G30,lpjml5-7-10-fire,SWRB,0.3017752054730772,0.09978172568827602,0.75151287913349,176
Event_Definition,Flood,T10_G30,lpjml5-7-10-fire,YHH,0.09724975434824645,0.1296719874894015,0.42856076090683354,543
Event_Definition,Flood,T10_G30,lpjml5-7-10-fire,YZR,0.11490865152595818,0.09085196530911377,0.5584579463914786,589
Event_Definition,Flood,T10_G30,miroc-integ-land,CSL,0.27772243895738263,0.18380744768016383,0.6017431308310627,1987
Event_Definition,Flood,T10_G30,miroc-integ-land,PSE,0.14043077191465322,0.12075326827815441,0.5376698048279918,271
Event_Definition,Flood,T10_G30,miroc-integ-land,SWRB,0.9802604674708868,0.12253820679652203,0.8888843361387568,314
Event_Definition,Flood,T10_G30,miroc-integ-land,YHH,0.27494033890379316,0.40094089103222436,0.40678794842374966,576
Event_Definition,Flood,T10_G30,miroc-integ-land,YZR,0.27852813253037023,0.07561748266745312,0.7864791220831191,675
Event_Definition,Flood,T10_G30,watergap2-2e,CSL,0.582183331612661,0.17029718234278268,0.7736855916074041,1946
Event_Definition,Flood,T10_G30,watergap2-2e,PSE,0.07349638273955184,0.027681237566914853,0.726409481829396,271
Event_Definition,Flood,T10_G30,watergap2-2e,SWRB,0.29752032728893923,0.01845758713044252,0.9415858315149688,314
Event_Definition,Flood,T10_G30,watergap2-2e,YHH,0.24287469270662093,0.1991878670424301,0.5494124923053774,575
Event_Definition,Flood,T10_G30,watergap2-2e,YZR,0.16683316723839403,0.03319294994793994,0.8340569200919942,675
Event_Definition,Flood,T10_G30,web-dhm-sg,CSL,0.2071926640610164,0.09311752934024319,0.689928842289332,647
Event_Definition,Flood,T10_G30,web-dhm-sg,PSE,0.08721618522116621,0.017037357189576385,0.8365776663736578,239
Event_Definition,Flood,T10_G30,web-dhm-sg,SWRB,0.18224853970118113,0.07488753292476924,0.7087630212284282,133
Event_Definition,Flood,T10_G30,web-dhm-sg,YHH,0.11852704082376146,0.06648051050370336,0.6406605566816441,292
Event_Definition,Flood,T10_G30,web-dhm-sg,YZR,0.09608533571381375,0.03798343477560799,0.7166869313640425,532
Period_Split,Drought,S1980,h08,CSL,2.0760852070446876,0.7233458115313612,0.7416097032820275,1987
Period_Split,Drought,S1980,h08,PSE,0.10923118185153685,0.07991886061331281,0.577484310487721,271
Period_Split,Drought,S1980,h08,SWRB,0.47204175613462246,0.01757847905264073,0.9640977276073618,314
Period_Split,Drought,S1980,h08,YHH,0.850609448865568,0.8231231027152947,0.5082110926636135,576
Period_Split,Drought,S1980,h08,YZR,0.15064860200387253,0.0863483594821443,0.6356562593008646,675
Period_Split,Drought,S1980,hydropy,CSL,0.383855581275219,0.22744605603115195,0.627931544509898,1985
Period_Split,Drought,S1980,hydropy,PSE,0.11339407975901315,0.03241370943859093,0.7776956250625082,271
Period_Split,Drought,S1980,hydropy,SWRB,0.31107728250223254,0.011452282651258828,0.9644923012071508,312
Period_Split,Drought,S1980,hydropy,YHH,0.23693490455560318,0.19675508661442787,0.5463232017791974,576
Period_Split,Drought,S1980,hydropy,YZR,0.14437029365531134,0.03286404559435656,0.8145729223045124,672
Period_Split,Drought,S1980,jules-w2,CSL,0.906077198530215,0.057622096788345095,0.9402073893088222,1475
Period_Split,Drought,S1980,jules-w2,PSE,0.1300171627589852,0.007874312494430566,0.9428948564082064,271
Period_Split,Drought,S1980,jules-w2,SWRB,0.32128084923753814,0.02373759112544338,0.9311990654746746,314
Period_Split,Drought,S1980,jules-w2,YHH,0.15907878728788052,0.028539007202220856,0.8478875243162153,568
Period_Split,Drought,S1980,jules-w2,YZR,0.1492832379954093,0.015339322446807009,0.9068212618877884,675
Period_Split,Drought,S1980,lpjml5-7-10-fire,CSL,0.22192858329858134,0.23898342564889566,0.4814988088623899,1208
Period_Split,Drought,S1980,lpjml5-7-10-fire,PSE,0.09734311992139993,0.06931596074836463,0.5840853047442738,271
Period_Split,Drought,S1980,lpjml5-7-10-fire,SWRB,0.24849844100734797,0.08713408250588206,0.7403884415198893,176
Period_Split,Drought,S1980,lpjml5-7-10-fire,YHH,0.16277992854238382,0.2932502815552301,0.3569498794993002,543
Period_Split,Drought,S1980,lpjml5-7-10-fire,YZR,0.1099456030301103,0.1323356650646928,0.4537932457373853,589
Period_Split,Drought,S1980,miroc-integ-land,CSL,0.6651625409421094,0.08887023437819111,0.8821400908727867,1987
Period_Split,Drought,S1980,miroc-integ-land,PSE,0.1350558431486988,0.11902334687464053,0.5315501955760044,271
Period_Split,Drought,S1980,miroc-integ-land,SWRB,7.671189567407325,0.1054403323749899,0.9864413847985821,314
Period_Split,Drought,S1980,miroc-integ-land,YHH,0.33430939088837375,0.397805110420882,0.45663539007972276,576
Period_Split,Drought,S1980,miroc-integ-land,YZR,0.4351806505729491,0.11216950740412926,0.7950681007954936,675
Period_Split,Drought,S1980,watergap2-2e,CSL,0.3325100468236635,0.18627392558914405,0.6409412481985433,1946
Period_Split,Drought,S1980,watergap2-2e,PSE,0.09333334776689949,0.07680827169698194,0.5485627094710521,271
Period_Split,Drought,S1980,watergap2-2e,SWRB,0.2435359781696556,0.03468752693637196,0.8753249588917623,314
Period_Split,Drought,S1980,watergap2-2e,YHH,0.35430740467856564,0.48233183181063,0.42348886978496514,575
Period_Split,Drought,S1980,watergap2-2e,YZR,0.12204660776486054,0.05918634700492287,0.6734239251348846,675
Period_Split,Drought,S1980,web-dhm-sg,CSL,0.25246545090277783,0.12508845557817833,0.6686871637905095,647
Period_Split,Drought,S1980,web-dhm-sg,PSE,0.11516715739640417,0.02792282210997209,0.8048582982099888,239
Period_Split,Drought,S1980,web-dhm-sg,SWRB,0.2139566343892247,0.0652440289461344,0.766318503091208,133
Period_Split,Drought,S1980,web-dhm-sg,YHH,0.1873708801651475,0.11697509118545166,0.6156509295445899,292
Period_Split,Drought,S1980,web-dhm-sg,YZR,0.12200197508950107,0.04875527981720838,0.7144760856934304,532
Period_Split,Drought,S1985,h08,CSL,2.1235628376051956,0.769450485980292,0.7340314751725149,1987
Period_Split,Drought,S1985,h08,PSE,0.11972340728391122,0.08842829422202747,0.5751738103399334,271
Period_Split,Drought,S1985,h08,SWRB,0.3411351803546524,0.016457339810693274,0.9539773935901019,314
Period_Split,Drought,S1985,h08,YHH,0.4719281222552624,0.4696553658212744,0.5012068799329897,576
Period_Split,Drought,S1985,h08,YZR,0.16484265989019314,0.08904148898845471,0.6492829923343699,675
Period_Split,Drought,S1985,hydropy,CSL,0.4112094787364936,0.24825428733359123,0.6235512849887072,1985
Period_Split,Drought,S1985,hydropy,PSE,0.12175508942546266,0.03664691469938656,0.7686461424408354,271
Period_Split,Drought,S1985,hydropy,SWRB,0.31513296449502637,0.011274063084457272,0.9654601092137579,312
Period_Split,Drought,S1985,hydropy,YHH,0.18717275870405228,0.1652119479095153,0.5311602779325774,576
Period_Split,Drought,S1985,hydropy,YZR,0.1525080041833184,0.03495225435624985,0.8135484575314811,672
Period_Split,Drought,S1985,jules-w2,CSL,0.8447908245502015,0.09831125656965638,0.8957575658693069,1475
Period_Split,Drought,S1985,jules-w2,PSE,0.14237025430406378,0.008606356218927363,0.9429954336031623,271
Period_Split,Drought,S1985,jules-w2,SWRB,0.2808291302926392,0.024695410226483628,0.9191704529380089,314
Period_Split,Drought,S1985,jules-w2,YHH,0.15091034111646964,0.029149655406636867,0.8381114296928458,568
Period_Split,Drought,S1985,jules-w2,YZR,0.1638592289532877,0.01714774544369729,0.9052647252912542,675
Period_Split,Drought,S1985,lpjml5-7-10-fire,CSL,0.22369062316781677,0.22836941330245977,0.49482503455605653,1208
Period_Split,Drought,S1985,lpjml5-7-10-fire,PSE,0.10703804293667421,0.07349787852587007,0.5928905564584905,271
Period_Split,Drought,S1985,lpjml5-7-10-fire,SWRB,0.2417693230954228,0.08735914795668541,0.7345743208497616,176
Period_Split,Drought,S1985,lpjml5-7-10-fire,YHH,0.15868670548824046,0.2724218478680428,0.368089902770025,543
Period_Split,Drought,S1985,lpjml5-7-10-fire,YZR,0.11700380432386333,0.13410800389890437,0.46594305999368324,589
Period_Split,Drought,S1985,miroc-integ-land,CSL,0.4680894404424879,0.08143248136142747,0.8518121331827689,1987
Period_Split,Drought,S1985,miroc-integ-land,PSE,0.1539124692016625,0.13300942388004658,0.5364263686836598,271
Period_Split,Drought,S1985,miroc-integ-land,SWRB,3.267117361966722,0.08680899857558019,0.9741172019765086,314
Period_Split,Drought,S1985,miroc-integ-land,YHH,0.363803928212374,0.41881257017000584,0.46485594025213417,576
Period_Split,Drought,S1985,miroc-integ-land,YZR,0.32924049033964653,0.11376356414922137,0.743199722448409,675
Period_Split,Drought,S1985,watergap2-2e,CSL,0.33440266264011204,0.17351584314933152,0.6583785761465007,1946
Period_Split,Drought,S1985,watergap2-2e,PSE,0.1017519185278573,0.07479393026921366,0.576348405930604,271
Period_Split,Drought,S1985,watergap2-2e,SWRB,0.24344402810966045,0.034081444517201444,0.8771952563683242,314
Period_Split,Drought,S1985,watergap2-2e,YHH,0.3769723706105413,0.48243775835990205,0.4386408280551067,575
Period_Split,Drought,S1985,watergap2-2e,YZR,0.1319405477520402,0.05974494422550345,0.6883178606312955,675
Period_Split,Drought,S1985,web-dhm-sg,CSL,0.24763868035821596,0.12174681192277033,0.670407164149914,647
Period_Split,Drought,S1985,web-dhm-sg,PSE,0.11626423118191338,0.029560142034670948,0.7972894284910313,239
Period_Split,Drought,S1985,web-dhm-sg,SWRB,0.2250313095269951,0.06274117577209613,0.7819764606512426,133
Period_Split,Drought,S1985,web-dhm-sg,YHH,0.16480092432625149,0.10462512345576203,0.6116740592935845,292
Period_Split,Drought,S1985,web-dhm-sg,YZR,0.12341077864328794,0.04620276779063495,0.7275997774821932,532
Period_Split,Drought,S1990,h08,CSL,1.8451454342158429,0.6192872861989591,0.7487100049155638,1987
Period_Split,Drought,S1990,h08,PSE,0.12222325602884367,0.09572787875478239,0.5607828385485695,271
Period_Split,Drought,S1990,h08,SWRB,0.33323576751349737,0.01706235571992045,0.95129190084598,314
Period_Split,Drought,S1990,h08,YHH,0.3463878022351975,0.3621002860481089,0.48891125759715776,576
Period_Split,Drought,S1990,h08,YZR,0.17043433348546794,0.08348284497574229,0.6712201770606254,675
Period_Split,Drought,S1990,hydropy,CSL,0.4384832591993633,0.2649133721322496,0.6233798111447629,1985
Period_Split,Drought,S1990,hydropy,PSE,0.1094251241280642,0.03191148792627204,0.774216408173108,271
Period_Split,Drought,S1990,hydropy,SWRB,0.3470263570438786,0.00999627319186188,0.9720010096131403,312
Period_Split,Drought,S1990,hydropy,YHH,0.1916569115920732,0.17578923803536278,0.5215918353924773,576
Period_Split,Drought,S1990,hydropy,YZR,0.1550531492488111,0.03348086845845749,0.8224147086790338,672
Period_Split,Drought,S1990,jules-w2,CSL,0.8863983605175623,0.06195000733449308,0.9346758960794063,1475
Period_Split,Drought,S1990,jules-w2,PSE,0.1307899390086074,0.009069589245805379,0.9351521533140933,271
Period_Split,Drought,S1990,jules-w2,SWRB,0.27699366939977815,0.026652784825188458,0.9122242843466835,314
Period_Split,Drought,S1990,jules-w2,YHH,0.15280681848379368,0.03074561372601199,0.8324968328893138,568
Period_Split,Drought,S1990,jules-w2,YZR,0.16273321552412678,0.018982064188394376,0.8955395263489975,675
Period_Split,Drought,S1990,lpjml5-7-10-fire,CSL,0.23361364268276258,0.23347240310774547,0.5001511922442236,1208
Period_Split,Drought,S1990,lpjml5-7-10-fire,PSE,0.10156330020377913,0.07769697881619457,0.5665689061683467,271
Period_Split,Drought,S1990,lpjml5-7-10-fire,SWRB,0.2580759768452745,0.08946607917805964,0.7425748118033437,176
Period_Split,Drought,S1990,lpjml5-7-10-fire,YHH,0.16050453168978557,0.26605730340159517,0.37627494652774385,543
Period_Split,Drought,S1990,lpjml5-7-10-fire,YZR,0.1205018578092181,0.13269167022799555,0.4759278751844996,589
Period_Split,Drought,S1990,miroc-integ-land,CSL,0.42793686364052497,0.08539794268587891,0.8336408487532432,1987
Period_Split,Drought,S1990,miroc-integ-land,PSE,0.1641526693656417,0.14011964709216995,0.5394926205467069,271
Period_Split,Drought,S1990,miroc-integ-land,SWRB,1.3807541684514728,0.07949034441458855,0.9455636753199842,314
Period_Split,Drought,S1990,miroc-integ-land,YHH,0.3923999512709522,0.44902609408834326,0.4663510874605674,576
Period_Split,Drought,S1990,miroc-integ-land,YZR,0.28528927011713756,0.11441226189495392,0.7137557584055174,675
Period_Split,Drought,S1990,watergap2-2e,CSL,0.3402703046961679,0.1766241943751106,0.658297399774118,1946
Period_Split,Drought,S1990,watergap2-2e,PSE,0.09863961243814179,0.06900836605836703,0.5883734079155384,271
Period_Split,Drought,S1990,watergap2-2e,SWRB,0.2739444726436193,0.03553992786859048,0.8851640735049314,314
Period_Split,Drought,S1990,watergap2-2e,YHH,0.5185888516695485,0.45478146520307733,0.5327765216179389,575
Period_Split,Drought,S1990,watergap2-2e,YZR,0.1405615622362789,0.059371026153855214,0.7030447780828863,675
Period_Split,Drought,S1990,web-dhm-sg,CSL,0.23444482539191805,0.11311013176763406,0.6745546871434535,647
Period_Split,Drought,S1990,web-dhm-sg,PSE,0.12165684786574307,0.02766304568362477,0.8147397173540117,239
Period_Split,Drought,S1990,web-dhm-sg,SWRB,0.22200570841131992,0.06733246318590608,0.7672880048484014,133
Period_Split,Drought,S1990,web-dhm-sg,YHH,0.1547378283299847,0.09840182053536685,0.6112745633628174,292
Period_Split,Drought,S1990,web-dhm-sg,YZR,0.12681445555437443,0.04831280470564367,0.7241274451852224,532
Period_Split,Flood,S1980,h08,CSL,0.9801294509543342,0.19578831419691697,0.8335016954423392,1987
Period_Split,Flood,S1980,h08,PSE,0.06977870835029334,0.042222814131762584,0.6230157126790199,271
Period_Split,Flood,S1980,h08,SWRB,0.2684282564121364,0.012274395385525098,0.9562726062368202,314
Period_Split,Flood,S1980,h08,YHH,0.27967632359052297,0.13629097223112133,0.6723517122616312,576
Period_Split,Flood,S1980,h08,YZR,0.2028314910623805,0.04889016308803732,0.8057768877570513,675
Period_Split,Flood,S1980,hydropy,CSL,0.23186637100049537,0.06354353870113814,0.7848970646742431,1985
Period_Split,Flood,S1980,hydropy,PSE,0.05118239536761114,0.014777432156955874,0.7759631473952543,271
Period_Split,Flood,S1980,hydropy,SWRB,0.12645232945561383,0.005502619829332295,0.958299253956365,312
Period_Split,Flood,S1980,hydropy,YHH,0.09193536954982352,0.06392620129467189,0.5898527074486393,576
Period_Split,Flood,S1980,hydropy,YZR,0.07288692757196472,0.016484346645857392,0.8155520687141535,672
Period_Split,Flood,S1980,jules-w2,CSL,0.14281962484689273,0.023543950198290045,0.858478935717174,1475
Period_Split,Flood,S1980,jules-w2,PSE,0.04871419891662916,0.005286621542314684,0.9021010885133859,271
Period_Split,Flood,S1980,jules-w2,SWRB,0.14559810932135625,0.025831125119194557,0.8493190195739198,314
Period_Split,Flood,S1980,jules-w2,YHH,0.0635594120206119,0.016255631746683243,0.7963337363558006,568
Period_Split,Flood,S1980,jules-w2,YZR,0.07602117638473599,0.011501101150413248,0.8685923004483702,675
Period_Split,Flood,S1980,lpjml5-7-10-fire,CSL,0.1386831734196735,0.11659522166918126,0.5432624777016561,1208
Period_Split,Flood,S1980,lpjml5-7-10-fire,PSE,0.053733829005486324,0.033846124767926894,0.6135402759460966,271
Period_Split,Flood,S1980,lpjml5-7-10-fire,SWRB,0.11930647712561772,0.060466887506503655,0.6636493530048799,176
Period_Split,Flood,S1980,lpjml5-7-10-fire,YHH,0.08040932034873412,0.096406574216086,0.4547629643061096,543
Period_Split,Flood,S1980,lpjml5-7-10-fire,YZR,0.07087860173387701,0.06406346360393206,0.5252520891572402,589
Period_Split,Flood,S1980,miroc-integ-land,CSL,0.1371627037540792,0.07123916016787514,0.658164476904324,1987
Period_Split,Flood,S1980,miroc-integ-land,PSE,0.09743894386815005,0.09584711847041788,0.5041177966441881,271
Period_Split,Flood,S1980,miroc-integ-land,SWRB,0.37712030737766716,0.06889104709401193,0.8455397011683333,314
Period_Split,Flood,S1980,miroc-integ-land,YHH,0.11978465227148671,0.16343491565748114,0.4229391815947159,576
Period_Split,Flood,S1980,miroc-integ-land,YZR,0.10341067057937059,0.051595009604485396,0.6671411683540416,675
Period_Split,Flood,S1980,watergap2-2e,CSL,0.3003404648330993,0.13043014075780976,0.6972167110174744,1946
Period_Split,Flood,S1980,watergap2-2e,PSE,0.05399900613960271,0.033430310530415425,0.617630426455345,271
Period_Split,Flood,S1980,watergap2-2e,SWRB,0.11688486666130045,0.02142860624963404,0.845072169770238,314
Period_Split,Flood,S1980,watergap2-2e,YHH,0.13630765969084388,0.09884745400051038,0.5796499916635892,575
Period_Split,Flood,S1980,watergap2-2e,YZR,0.08201205647801567,0.029012711030022037,0.7386825329049066,675
Period_Split,Flood,S1980,web-dhm-sg,CSL,0.13372596641325152,0.07907773925190602,0.6284005534361639,647
Period_Split,Flood,S1980,web-dhm-sg,PSE,0.06498470458592999,0.017439434785480337,0.7884183575530376,239
Period_Split,Flood,S1980,web-dhm-sg,SWRB,0.12248272745634384,0.051958221598897306,0.7021443538326346,133
Period_Split,Flood,S1980,web-dhm-sg,YHH,0.09906764609132465,0.05859401658048811,0.628355964363658,292
Period_Split,Flood,S1980,web-dhm-sg,YZR,0.0737531729150132,0.03559793563440397,0.6744620506675814,532
Period_Split,Flood,S1985,h08,CSL,0.6991572860625093,0.19526916251655047,0.7816822581367457,1987
Period_Split,Flood,S1985,h08,PSE,0.07082269119297314,0.04299064696759064,0.6222705733580982,271
Period_Split,Flood,S1985,h08,SWRB,0.2669660009207332,0.012342865758196667,0.9558092591010189,314
Period_Split,Flood,S1985,h08,YHH,0.15666576014713493,0.14163894640580335,0.5251870208736799,576
Period_Split,Flood,S1985,h08,YZR,0.16267409245668563,0.047686190657953376,0.773311815558044,675
Period_Split,Flood,S1985,hydropy,CSL,0.22629073588727938,0.061530432665952525,0.7862199192114926,1985
Period_Split,Flood,S1985,hydropy,PSE,0.05051608139446118,0.014987136457389296,0.7711999967499932,271
Period_Split,Flood,S1985,hydropy,SWRB,0.1195544451447839,0.005234220237324404,0.9580553232034577,312
Period_Split,Flood,S1985,hydropy,YHH,0.09458282551192289,0.06759987371618578,0.5831868994786731,576
Period_Split,Flood,S1985,hydropy,YZR,0.06929279214683567,0.016320445965512766,0.8093700655955123,672
Period_Split,Flood,S1985,jules-w2,CSL,0.13894664579856603,0.025177298540866054,0.8465958234052933,1475
Period_Split,Flood,S1985,jules-w2,PSE,0.04929888424897517,0.005667464618204327,0.896892103350376,271
Period_Split,Flood,S1985,jules-w2,SWRB,0.14424726318959277,0.0276002528065148,0.8393910284560648,314
Period_Split,Flood,S1985,jules-w2,YHH,0.06439019936044449,0.01668743623321579,0.7941795402514101,568
Period_Split,Flood,S1985,jules-w2,YZR,0.07136177063004374,0.012020104244903495,0.8558427204601629,675
Period_Split,Flood,S1985,lpjml5-7-10-fire,CSL,0.13570142013987052,0.11283368037621161,0.5460050506270022,1208
Period_Split,Flood,S1985,lpjml5-7-10-fire,PSE,0.05381044307433002,0.03363809133062236,0.6153384209407933,271
Period_Split,Flood,S1985,lpjml5-7-10-fire,SWRB,0.11798648918292681,0.061596774933591544,0.6570015851052471,176
Period_Split,Flood,S1985,lpjml5-7-10-fire,YHH,0.07843164466798934,0.09646830638445192,0.44843720193193604,543
Period_Split,Flood,S1985,lpjml5-7-10-fire,YZR,0.07069669214717259,0.060332677271548396,0.5395484421607215,589
Period_Split,Flood,S1985,miroc-integ-land,CSL,0.12361581393194353,0.06129931401860411,0.6685002752452056,1987
Period_Split,Flood,S1985,miroc-integ-land,PSE,0.09438233273808824,0.0934683479452128,0.50243274282944,271
Period_Split,Flood,S1985,miroc-integ-land,SWRB,0.4223623052906296,0.07372792730745126,0.8513820219331275,314
Period_Split,Flood,S1985,miroc-integ-land,YHH,0.11272787426378544,0.1458274711131007,0.43599127335567694,576
Period_Split,Flood,S1985,miroc-integ-land,YZR,0.0998343349419371,0.04865211044974668,0.6723464534327689,675
Period_Split,Flood,S1985,watergap2-2e,CSL,0.2652970450921669,0.10914054707689318,0.7085213948614011,1946
Period_Split,Flood,S1985,watergap2-2e,PSE,0.053589563456762614,0.03288891961842341,0.6196866729284652,271
Period_Split,Flood,S1985,watergap2-2e,SWRB,0.11496146327960537,0.018898844452736055,0.8588166666214081,314
Period_Split,Flood,S1985,watergap2-2e,YHH,0.11170655078775046,0.10336263320416468,0.5193982174217471,575
Period_Split,Flood,S1985,watergap2-2e,YZR,0.0693955272286421,0.026564045959663666,0.7231746132557734,675
Period_Split,Flood,S1985,web-dhm-sg,CSL,0.13330367453773453,0.0790806890470339,0.6276529603580226,647
Period_Split,Flood,S1985,web-dhm-sg,PSE,0.06290227471593558,0.016432010510636634,0.7928763022984557,239
Period_Split,Flood,S1985,web-dhm-sg,SWRB,0.1277790105895018,0.05016973996145352,0.7180663544637392,133
Period_Split,Flood,S1985,web-dhm-sg,YHH,0.09838952393772239,0.0653551497654167,0.6008715991342575,292
Period_Split,Flood,S1985,web-dhm-sg,YZR,0.07693108292673942,0.03594513143140696,0.6815526491936008,532
Period_Split,Flood,S1990,h08,CSL,0.49905636437034484,0.1853250577617725,0.7292079361470507,1987
Period_Split,Flood,S1990,h08,PSE,0.07325844822967191,0.045966568512511026,0.6144553402587393,271
Period_Split,Flood,S1990,h08,SWRB,0.25806578692505705,0.01250625592188365,0.9537784621415661,314
Period_Split,Flood,S1990,h08,YHH,0.16020698291813182,0.15219541997442182,0.5128225053161091,576
Period_Split,Flood,S1990,h08,YZR,0.14899447729173326,0.04753572901485302,0.7581250744697358,675
Period_Split,Flood,S1990,hydropy,CSL,0.22343161540419296,0.06373942395920555,0.7780436909637433,1985
Period_Split,Flood,S1990,hydropy,PSE,0.050190996055363514,0.014746704366465042,0.7729099695450873,271
Period_Split,Flood,S1990,hydropy,SWRB,0.11308684324748071,0.005183694624149548,0.9561708713139033,312
Period_Split,Flood,S1990,hydropy,YHH,0.09506659861134077,0.07278022092996744,0.566389037761566,576
Period_Split,Flood,S1990,hydropy,YZR,0.06895531902896848,0.016925413687255884,0.8029195472378826,672
Period_Split,Flood,S1990,jules-w2,CSL,0.1296454577616265,0.026950339968492235,0.8278987025249609,1475
Period_Split,Flood,S1990,jules-w2,PSE,0.05132254568702028,0.006121452874376822,0.8934361634343035,271
Period_Split,Flood,S1990,jules-w2,SWRB,0.1345422463497032,0.027633532656432883,0.8296075232332485,314
Period_Split,Flood,S1990,jules-w2,YHH,0.06498982386405916,0.017732033320683353,0.7856427076935368,568
Period_Split,Flood,S1990,jules-w2,YZR,0.07191004560240975,0.012682314050370328,0.8500773107355502,675
Period_Split,Flood,S1990,lpjml5-7-10-fire,CSL,0.12750606103408102,0.11241875969589839,0.5314417268131721,1208
Period_Split,Flood,S1990,lpjml5-7-10-fire,PSE,0.055642593219677794,0.03478740219574547,0.6153112467170123,271
Period_Split,Flood,S1990,lpjml5-7-10-fire,SWRB,0.11617316001969241,0.05503441165177782,0.6785515318365521,176
Period_Split,Flood,S1990,lpjml5-7-10-fire,YHH,0.07802584185208898,0.10092585942197287,0.43601620602976876,543
Period_Split,Flood,S1990,lpjml5-7-10-fire,YZR,0.0747555432165062,0.0614486996921685,0.5488488583034082,589
Period_Split,Flood,S1990,miroc-integ-land,CSL,0.11831025801447603,0.045832600750257545,0.720776151364894,1987
Period_Split,Flood,S1990,miroc-integ-land,PSE,0.09541971415858631,0.09201495945470282,0.5090825102907803,271
Period_Split,Flood,S1990,miroc-integ-land,SWRB,0.43135604884516976,0.06077796869080986,0.8765011835696433,314
Period_Split,Flood,S1990,miroc-integ-land,YHH,0.11827731309294022,0.14995248769753214,0.4409551539179366,576
Period_Split,Flood,S1990,miroc-integ-land,YZR,0.09806098117867781,0.04749672492657441,0.6736914437753662,675
Period_Split,Flood,S1990,watergap2-2e,CSL,0.21985465126006246,0.0981023276548917,0.6914603730678555,1946
Period_Split,Flood,S1990,watergap2-2e,PSE,0.05480684970586394,0.031881926047267826,0.6322254436022988,271
Period_Split,Flood,S1990,watergap2-2e,SWRB,0.10895994164455151,0.01818523557825604,0.8569726671866722,314
Period_Split,Flood,S1990,watergap2-2e,YHH,0.10197205794395624,0.10513013160172037,0.4923755667076914,575
Period_Split,Flood,S1990,watergap2-2e,YZR,0.06255884995393923,0.0260106125443268,0.7063252749802336,675
Period_Split,Flood,S1990,web-dhm-sg,CSL,0.1423322718767281,0.08066969903556342,0.6382556678510637,647
Period_Split,Flood,S1990,web-dhm-sg,PSE,0.06668371655441753,0.01696596103021302,0.7971784049849073,239
Period_Split,Flood,S1990,web-dhm-sg,SWRB,0.1242237336255409,0.053034912761703204,0.7008049319871164,133
Period_Split,Flood,S1990,web-dhm-sg,YHH,0.1018227917347736,0.06217521596743833,0.6208782238358879,292
Period_Split,Flood,S1990,web-dhm-sg,YZR,0.07790710424062343,0.03531113376723247,0.6881144381987085,532
