Grid_ID,Basin_Name
355,CSL
356,CSL
357,CSL
358,CSL
359,CSL
360,CSL
361,CSL
481,CSL
482,CSL
483,CSL
484,CSL
485,CSL
486,CSL
487,CSL
488,CSL
489,CSL
490,CSL
491,CSL
492,CSL
611,CSL
612,CSL
613,CSL
614,CSL
615,CSL
616,CSL
617,CSL
618,CSL
619,CSL
620,CSL
621,CSL
738,CSL
739,CSL
740,CSL
741,CSL
742,CSL
743,CSL
744,CSL
745,CSL
746,CSL
747,CSL
748,CSL
749,CSL
865,CSL
866,CSL
867,CSL
868,CSL
869,CSL
870,CSL
871,CSL
872,CSL
873,CSL
874,CSL
875,CSL
876,CSL
877,CSL
878,CSL
992,CSL
993,CSL
994,CSL
995,CSL
996,CSL
997,CSL
998,CSL
999,CSL
1000,CSL
1001,CSL
1002,CSL
1003,CSL
1004,CSL
1005,CSL
1006,CSL
1120,CSL
1121,CSL
1122,CSL
1123,CSL
1124,CSL
1125,CSL
1126,CSL
1127,CSL
1128,CSL
1129,CSL
1130,CSL
1131,CSL
1132,CSL
1133,CSL
1134,CSL
1135,CSL
1242,CSL
1246,CSL
1247,CSL
1248,CSL
1249,CSL
1250,CSL
1251,CSL
1252,CSL
1253,CSL
1254,CSL
1255,CSL
1256,CSL
1257,CSL
1258,CSL
1259,CSL
1260,CSL
1261,CSL
1262,CSL
1263,CSL
1370,CSL
1371,CSL
1372,CSL
1373,CSL
1374,CSL
1375,CSL
1376,CSL
1377,CSL
1378,CSL
1379,CSL
1380,CSL
1381,CSL
1382,CSL
1383,CSL
1384,CSL
1385,CSL
1386,CSL
1387,CSL
1388,CSL
1389,CSL
1390,CSL
1391,CSL
1392,CSL
1393,CSL
1394,CSL
1395,CSL
1439,CSL
1440,CSL
1497,CSL
1498,CSL
1499,CSL
1500,CSL
1501,CSL
1502,CSL
1503,CSL
1504,CSL
1505,CSL
1506,CSL
1507,CSL
1508,CSL
1509,CSL
1510,CSL
1511,CSL
1512,CSL
1513,CSL
1514,CSL
1515,CSL
1516,CSL
1517,CSL
1518,CSL
1519,CSL
1520,CSL
1521,CSL
1522,CSL
1523,CSL
1524,CSL
1525,CSL
1564,CSL
1565,CSL
1566,CSL
1567,CSL
1568,CSL
1569,CSL
1625,CSL
1626,CSL
1627,CSL
1628,CSL
1629,CSL
1630,CSL
1631,CSL
1632,CSL
1633,CSL
1634,CSL
1635,CSL
1636,CSL
1637,CSL
1638,CSL
1639,CSL
1640,CSL
1641,CSL
1642,CSL
1643,CSL
1644,CSL
1645,CSL
1646,CSL
1647,CSL
1648,CSL
1649,CSL
1650,CSL
1651,CSL
1652,CSL
1653,CSL
1654,CSL
1660,CSL
1661,CSL
1692,CSL
1693,CSL
1694,CSL
1695,CSL
1696,CSL
1697,CSL
1698,CSL
1699,CSL
1700,CSL
1755,CSL
1759,CSL
1760,CSL
1761,CSL
1762,CSL
1763,CSL
1764,CSL
1765,CSL
1766,CSL
1767,CSL
1768,CSL
1769,CSL
1770,CSL
1771,CSL
1772,CSL
1773,CSL
1774,CSL
1775,CSL
1776,CSL
1777,CSL
1778,CSL
1779,CSL
1780,CSL
1781,CSL
1782,CSL
1786,CSL
1787,CSL
1788,CSL
1789,CSL
1790,CSL
1820,CSL
1821,CSL
1822,CSL
1823,CSL
1824,CSL
1825,CSL
1826,CSL
1827,CSL
1828,CSL
1829,CSL
1888,CSL
1889,CSL
1890,CSL
1891,CSL
1892,CSL
1893,CSL
1894,CSL
1895,CSL
1896,CSL
1897,CSL
1898,CSL
1899,CSL
1900,CSL
1901,CSL
1902,CSL
1903,CSL
1904,CSL
1905,CSL
1906,CSL
1907,CSL
1908,CSL
1909,CSL
1910,CSL
1911,CSL
1912,CSL
1913,CSL
1914,CSL
1915,CSL
1916,CSL
1943,CSL
1944,CSL
1945,CSL
1946,CSL
1947,CSL
1948,CSL
1949,CSL
1950,CSL
1951,CSL
1952,CSL
1953,CSL
1954,CSL
1955,CSL
1956,CSL
1957,CSL
1958,CSL
2017,CSL
2018,CSL
2019,CSL
2020,CSL
2021,CSL
2022,CSL
2023,CSL
2024,CSL
2025,CSL
2026,CSL
2027,CSL
2028,CSL
2029,CSL
2030,CSL
2031,CSL
2032,CSL
2033,CSL
2034,CSL
2035,CSL
2036,CSL
2037,CSL
2038,CSL
2039,CSL
2040,CSL
2041,CSL
2042,CSL
2043,CSL
2044,CSL
2070,CSL
2071,CSL
2072,CSL
2073,CSL
2074,CSL
2075,CSL
2076,CSL
2077,CSL
2078,CSL
2079,CSL
2080,CSL
2081,CSL
2082,CSL
2083,CSL
2084,CSL
2085,CSL
2086,CSL
2138,CSL
2139,CSL
2140,CSL
2141,CSL
2142,CSL
2143,CSL
2144,CSL
2145,CSL
2146,CSL
2147,CSL
2148,CSL
2149,CSL
2150,CSL
2151,CSL
2152,CSL
2153,CSL
2154,CSL
2155,CSL
2156,CSL
2157,CSL
2158,CSL
2159,CSL
2160,CSL
2161,CSL
2162,CSL
2163,CSL
2164,CSL
2165,CSL
2166,CSL
2167,CSL
2168,CSL
2169,CSL
2170,CSL
2171,CSL
2172,CSL
2198,CSL
2199,CSL
2200,CSL
2201,CSL
2202,CSL
2203,CSL
2204,CSL
2205,CSL
2206,CSL
2207,CSL
2208,CSL
2209,CSL
2210,CSL
2211,CSL
2212,CSL
2213,CSL
2265,CSL
2266,CSL
2267,CSL
2268,CSL
2269,CSL
2270,CSL
2271,CSL
2272,CSL
2273,CSL
2274,CSL
2275,CSL
2276,CSL
2277,CSL
2278,CSL
2279,CSL
2280,CSL
2281,CSL
2282,CSL
2283,CSL
2284,CSL
2285,CSL
2286,CSL
2287,CSL
2288,CSL
2289,CSL
2290,CSL
2291,CSL
2292,CSL
2293,CSL
2294,CSL
2295,CSL
2296,CSL
2297,CSL
2298,CSL
2299,CSL
2324,CSL
2326,CSL
2327,CSL
2328,CSL
2329,CSL
2330,CSL
2331,CSL
2332,CSL
2333,CSL
2334,CSL
2335,CSL
2336,CSL
2337,CSL
2338,CSL
2339,CSL
2340,CSL
2341,CSL
2342,CSL
2390,CSL
2391,CSL
2392,CSL
2393,CSL
2394,CSL
2395,CSL
2396,CSL
2397,CSL
2398,CSL
2399,CSL
2400,CSL
2401,CSL
2402,CSL
2403,CSL
2404,CSL
2405,CSL
2406,CSL
2407,CSL
2408,CSL
2409,CSL
2410,CSL
2411,CSL
2412,CSL
2413,CSL
2414,CSL
2415,CSL
2416,CSL
2417,CSL
2418,CSL
2419,CSL
2420,CSL
2421,CSL
2422,CSL
2423,CSL
2424,CSL
2425,CSL
2426,CSL
2449,CSL
2450,CSL
2451,CSL
2452,CSL
2453,CSL
2454,CSL
2455,CSL
2456,CSL
2457,CSL
2458,CSL
2459,CSL
2460,CSL
2461,CSL
2462,CSL
2463,CSL
2464,CSL
2465,CSL
2466,CSL
2467,CSL
2468,CSL
2469,CSL
2470,CSL
2471,CSL
2472,CSL
2473,CSL
2474,CSL
2475,CSL
2476,CSL
2512,CSL
2513,CSL
2514,CSL
2515,CSL
2516,CSL
2517,CSL
2518,CSL
2519,CSL
2520,CSL
2521,CSL
2522,CSL
2523,CSL
2524,CSL
2525,CSL
2526,CSL
2527,CSL
2528,CSL
2529,CSL
2530,CSL
2531,CSL
2532,CSL
2533,CSL
2534,CSL
2535,CSL
2536,CSL
2537,CSL
2538,CSL
2539,CSL
2540,CSL
2541,CSL
2542,CSL
2543,CSL
2544,CSL
2545,CSL
2546,CSL
2547,CSL
2548,CSL
2549,CSL
2550,CSL
2578,CSL
2579,CSL
2580,CSL
2581,CSL
2582,CSL
2583,CSL
2584,CSL
2585,CSL
2586,CSL
2587,CSL
2588,CSL
2589,CSL
2590,CSL
2591,CSL
2592,CSL
2593,CSL
2594,CSL
2595,CSL
2596,CSL
2597,CSL
2598,CSL
2599,CSL
2600,CSL
2601,CSL
2602,CSL
2603,CSL
2604,CSL
2605,CSL
2606,CSL
2607,CSL
2640,CSL
2641,CSL
2642,CSL
2643,CSL
2644,CSL
2645,CSL
2646,CSL
2647,CSL
2648,CSL
2649,CSL
2650,CSL
2651,CSL
2652,CSL
2653,CSL
2654,CSL
2655,CSL
2656,CSL
2657,CSL
2658,CSL
2659,CSL
2660,CSL
2661,CSL
2662,CSL
2663,CSL
2664,CSL
2665,CSL
2666,CSL
2667,CSL
2668,CSL
2669,CSL
2670,CSL
2671,CSL
2672,CSL
2673,CSL
2674,CSL
2675,CSL
2676,CSL
2677,CSL
2678,CSL
2706,CSL
2707,CSL
2708,CSL
2709,CSL
2710,CSL
2711,CSL
2712,CSL
2713,CSL
2714,CSL
2715,CSL
2716,CSL
2717,CSL
2718,CSL
2719,CSL
2720,CSL
2721,CSL
2722,CSL
2723,CSL
2724,CSL
2725,CSL
2726,CSL
2727,CSL
2728,CSL
2729,CSL
2730,CSL
2731,CSL
2732,CSL
2733,CSL
2734,CSL
2735,CSL
2769,CSL
2770,CSL
2771,CSL
2772,CSL
2773,CSL
2774,CSL
2775,CSL
2776,CSL
2777,CSL
2778,CSL
2779,CSL
2780,CSL
2781,CSL
2782,CSL
2783,CSL
2784,CSL
2785,CSL
2786,CSL
2787,CSL
2788,CSL
2789,CSL
2790,CSL
2791,CSL
2792,CSL
2793,CSL
2794,CSL
2795,CSL
2796,CSL
2797,CSL
2798,CSL
2799,CSL
2800,CSL
2801,CSL
2802,CSL
2803,CSL
2804,CSL
2805,CSL
2806,CSL
2835,CSL
2836,CSL
2837,CSL
2838,CSL
2839,CSL
2840,CSL
2841,CSL
2842,CSL
2843,CSL
2844,CSL
2845,CSL
2846,CSL
2847,CSL
2848,CSL
2849,CSL
2850,CSL
2851,CSL
2852,CSL
2853,CSL
2854,CSL
2855,CSL
2856,CSL
2857,CSL
2858,CSL
2859,CSL
2860,CSL
2861,CSL
2862,CSL
2863,CSL
2864,CSL
2895,CSL
2896,CSL
2897,CSL
2898,CSL
2899,CSL
2900,CSL
2901,CSL
2902,CSL
2903,CSL
2904,CSL
2905,CSL
2906,CSL
2907,CSL
2908,CSL
2909,CSL
2910,CSL
2911,CSL
2912,CSL
2913,CSL
2914,CSL
2915,CSL
2916,CSL
2917,CSL
2918,CSL
2919,CSL
2920,CSL
2921,CSL
2922,CSL
2923,CSL
2924,CSL
2925,CSL
2926,CSL
2927,CSL
2928,CSL
2929,CSL
2930,CSL
2931,CSL
2932,CSL
2933,CSL
2934,CSL
2961,CSL
2962,CSL
2963,CSL
2964,CSL
2965,CSL
2966,CSL
2967,CSL
2968,CSL
2969,CSL
2970,CSL
2971,CSL
2972,CSL
2973,CSL
2974,CSL
2975,CSL
2976,CSL
2977,CSL
2978,CSL
2979,CSL
2980,CSL
2981,CSL
2982,CSL
2983,CSL
2984,CSL
2985,CSL
2986,CSL
2987,CSL
2988,CSL
2989,CSL
2990,CSL
2991,CSL
2992,CSL
2993,CSL
2994,CSL
2995,CSL
3022,CSL
3023,CSL
3024,CSL
3025,CSL
3026,CSL
3027,CSL
3028,CSL
3029,CSL
3030,CSL
3031,CSL
3032,CSL
3033,CSL
3034,CSL
3035,CSL
3036,CSL
3037,CSL
3038,CSL
3039,CSL
3040,CSL
3041,CSL
3042,CSL
3043,CSL
3044,CSL
3045,CSL
3046,CSL
3047,CSL
3048,CSL
3049,CSL
3050,CSL
3051,CSL
3052,CSL
3053,CSL
3054,CSL
3055,CSL
3056,CSL
3057,CSL
3058,CSL
3059,CSL
3060,CSL
3061,CSL
3090,CSL
3091,CSL
3092,CSL
3093,CSL
3094,CSL
3095,CSL
3096,CSL
3097,CSL
3098,CSL
3099,CSL
3100,CSL
3101,CSL
3102,CSL
3103,CSL
3104,CSL
3105,CSL
3106,CSL
3107,CSL
3108,CSL
3109,CSL
3110,CSL
3111,CSL
3112,CSL
3113,CSL
3114,CSL
3115,CSL
3116,CSL
3117,CSL
3118,CSL
3119,CSL
3120,CSL
3121,CSL
3122,CSL
3123,CSL
3124,CSL
3125,CSL
3126,CSL
3127,CSL
3128,CSL
3129,CSL
3130,CSL
3131,CSL
3132,CSL
3142,CSL
3143,CSL
3144,CSL
3145,CSL
3146,CSL
3147,CSL
3148,CSL
3149,CSL
3150,CSL
3151,CSL
3152,CSL
3153,CSL
3154,CSL
3155,CSL
3156,CSL
3157,CSL
3158,CSL
3159,CSL
3160,CSL
3161,YHH
3162,YHH
3163,YHH
3164,CSL
3165,CSL
3166,CSL
3167,CSL
3168,CSL
3169,CSL
3170,CSL
3171,CSL
3172,CSL
3173,CSL
3174,CSL
3175,CSL
3176,CSL
3177,CSL
3178,CSL
3179,CSL
3180,CSL
3181,CSL
3182,CSL
3183,CSL
3184,CSL
3185,CSL
3186,CSL
3216,CSL
3217,CSL
3218,CSL
3219,CSL
3220,CSL
3221,CSL
3222,CSL
3223,CSL
3224,CSL
3225,CSL
3226,CSL
3227,CSL
3228,CSL
3229,CSL
3230,CSL
3231,CSL
3232,CSL
3233,CSL
3234,CSL
3235,CSL
3236,CSL
3237,CSL
3238,CSL
3239,CSL
3240,CSL
3241,CSL
3242,CSL
3243,CSL
3244,CSL
3245,CSL
3246,CSL
3247,CSL
3248,CSL
3249,CSL
3250,CSL
3251,CSL
3252,CSL
3253,CSL
3254,CSL
3255,CSL
3256,CSL
3257,CSL
3258,CSL
3259,CSL
3260,CSL
3261,CSL
3262,CSL
3263,CSL
3264,CSL
3265,CSL
3268,CSL
3269,CSL
3270,CSL
3271,CSL
3272,CSL
3273,YHH
3274,YHH
3275,YHH
3276,CSL
3277,CSL
3278,CSL
3279,CSL
3280,CSL
3281,CSL
3282,CSL
3283,CSL
3284,CSL
3285,CSL
3286,CSL
3287,CSL
3288,YHH
3289,YHH
3290,YHH
3291,YHH
3292,YHH
3293,CSL
3294,CSL
3295,CSL
3296,CSL
3297,CSL
3298,CSL
3299,CSL
3300,CSL
3301,CSL
3302,CSL
3303,CSL
3304,CSL
3305,CSL
3306,CSL
3307,CSL
3308,CSL
3309,CSL
3310,CSL
3311,CSL
3312,CSL
3340,CSL
3341,CSL
3342,CSL
3343,CSL
3344,CSL
3345,CSL
3346,CSL
3347,CSL
3348,CSL
3349,CSL
3350,CSL
3351,CSL
3352,CSL
3353,CSL
3354,CSL
3355,CSL
3356,CSL
3357,CSL
3358,CSL
3359,CSL
3360,CSL
3361,CSL
3362,CSL
3363,CSL
3364,CSL
3365,CSL
3366,CSL
3367,CSL
3368,CSL
3369,CSL
3370,CSL
3371,CSL
3372,CSL
3373,CSL
3374,CSL
3375,CSL
3376,CSL
3377,CSL
3378,CSL
3379,CSL
3380,CSL
3381,CSL
3382,CSL
3383,CSL
3384,CSL
3385,CSL
3386,CSL
3387,CSL
3388,CSL
3389,CSL
3390,CSL
3391,CSL
3392,CSL
3393,CSL
3394,CSL
3395,CSL
3396,CSL
3397,CSL
3398,YHH
3399,YHH
3400,YHH
3401,YHH
3402,YHH
3403,YHH
3404,YHH
3405,CSL
3406,CSL
3407,CSL
3408,CSL
3409,YHH
3410,CSL
3411,CSL
3412,CSL
3413,CSL
3414,CSL
3415,YHH
3416,YHH
3417,YHH
3418,YHH
3419,YHH
3420,YHH
3421,YHH
3422,CSL
3423,CSL
3424,CSL
3425,CSL
3426,CSL
3427,CSL
3428,CSL
3429,CSL
3430,CSL
3431,CSL
3432,CSL
3433,CSL
3434,CSL
3435,CSL
3436,CSL
3437,CSL
3466,CSL
3467,CSL
3468,CSL
3469,CSL
3470,CSL
3471,CSL
3472,CSL
3473,CSL
3474,CSL
3475,CSL
3476,CSL
3477,CSL
3478,CSL
3479,CSL
3480,CSL
3481,CSL
3482,CSL
3483,CSL
3484,CSL
3485,CSL
3486,CSL
3487,CSL
3488,CSL
3489,CSL
3490,CSL
3491,CSL
3492,CSL
3493,CSL
3494,CSL
3495,CSL
3496,CSL
3497,CSL
3498,CSL
3499,CSL
3500,CSL
3501,CSL
3502,CSL
3503,CSL
3504,CSL
3505,CSL
3506,CSL
3507,CSL
3508,CSL
3509,CSL
3510,CSL
3511,CSL
3512,CSL
3513,CSL
3514,CSL
3515,CSL
3516,CSL
3517,CSL
3518,CSL
3519,CSL
3520,CSL
3521,CSL
3522,CSL
3523,CSL
3524,CSL
3525,CSL
3526,CSL
3527,YHH
3528,YHH
3529,YHH
3530,YHH
3531,YHH
3532,YHH
3533,YHH
3534,YHH
3535,YHH
3536,YHH
3537,YHH
3538,CSL
3539,CSL
3540,YHH
3541,YHH
3542,YHH
3543,YHH
3544,YHH
3545,YHH
3546,YHH
3547,YHH
3548,YHH
3549,YHH
3550,YHH
3551,YHH
3552,CSL
3553,CSL
3554,CSL
3557,CSL
3558,CSL
3559,CSL
3560,CSL
3561,CSL
3562,CSL
3563,CSL
3590,CSL
3591,CSL
3592,CSL
3593,CSL
3594,CSL
3595,CSL
3596,CSL
3597,CSL
3598,CSL
3599,CSL
3600,CSL
3601,CSL
3602,CSL
3603,CSL
3604,CSL
3605,CSL
3606,CSL
3607,CSL
3608,CSL
3609,CSL
3610,CSL
3611,CSL
3612,CSL
3613,CSL
3614,CSL
3615,CSL
3616,CSL
3617,CSL
3618,CSL
3619,CSL
3620,CSL
3621,CSL
3622,CSL
3623,CSL
3624,CSL
3625,CSL
3626,CSL
3627,CSL
3628,CSL
3629,CSL
3630,CSL
3631,CSL
3632,CSL
3633,CSL
3634,CSL
3635,CSL
3636,CSL
3637,CSL
3638,CSL
3639,CSL
3640,CSL
3641,CSL
3642,CSL
3643,CSL
3644,CSL
3645,CSL
3646,CSL
3647,CSL
3648,CSL
3649,CSL
3650,CSL
3651,CSL
3652,CSL
3653,CSL
3654,CSL
3655,YHH
3656,YHH
3657,YHH
3658,YHH
3659,YHH
3660,YHH
3661,YHH
3662,YHH
3663,YHH
3664,YHH
3665,YHH
3666,CSL
3667,YHH
3668,YHH
3669,YHH
3670,YHH
3671,YHH
3672,YHH
3673,YHH
3674,YHH
3675,YHH
3676,YHH
3677,YHH
3678,YHH
3679,YHH
3680,CSL
3681,CSL
3685,CSL
3686,CSL
3687,CSL
3688,CSL
3689,CSL
3717,CSL
3718,CSL
3719,CSL
3720,CSL
3721,CSL
3722,CSL
3723,CSL
3724,CSL
3725,CSL
3726,CSL
3727,CSL
3728,CSL
3729,CSL
3730,CSL
3731,CSL
3732,CSL
3733,CSL
3734,CSL
3735,CSL
3736,CSL
3737,CSL
3738,CSL
3739,CSL
3740,CSL
3741,CSL
3742,CSL
3743,CSL
3744,CSL
3745,CSL
3746,CSL
3747,CSL
3748,CSL
3749,CSL
3750,CSL
3751,CSL
3752,CSL
3753,CSL
3754,CSL
3755,CSL
3756,CSL
3757,CSL
3758,CSL
3759,CSL
3760,CSL
3761,CSL
3762,CSL
3763,CSL
3764,CSL
3765,CSL
3766,CSL
3767,CSL
3768,CSL
3769,CSL
3770,CSL
3771,CSL
3772,CSL
3773,CSL
3774,CSL
3775,CSL
3776,CSL
3777,CSL
3778,CSL
3779,CSL
3780,CSL
3781,CSL
3782,YHH
3783,YHH
3784,YHH
3785,YHH
3786,YHH
3787,YHH
3788,YHH
3789,YHH
3790,YHH
3791,YHH
3792,YHH
3793,YHH
3794,YHH
3795,YHH
3796,YHH
3797,YHH
3798,YHH
3799,YHH
3800,YHH
3801,YHH
3802,YHH
3803,YHH
3804,YHH
3805,YHH
3806,YHH
3807,YHH
3812,CSL
3813,CSL
3814,CSL
3815,CSL
3844,CSL
3845,CSL
3846,CSL
3847,CSL
3848,CSL
3849,CSL
3850,CSL
3851,CSL
3852,CSL
3853,CSL
3854,CSL
3855,CSL
3856,CSL
3857,CSL
3858,CSL
3859,CSL
3860,CSL
3861,CSL
3862,CSL
3863,CSL
3864,CSL
3865,CSL
3866,CSL
3867,CSL
3868,CSL
3869,CSL
3870,CSL
3871,CSL
3872,CSL
3873,CSL
3874,CSL
3875,CSL
3876,CSL
3877,CSL
3878,CSL
3879,CSL
3880,CSL
3881,CSL
3882,CSL
3883,CSL
3884,CSL
3885,CSL
3886,CSL
3887,CSL
3888,CSL
3889,CSL
3890,CSL
3891,CSL
3892,CSL
3893,CSL
3894,CSL
3895,CSL
3896,CSL
3897,CSL
3898,CSL
3899,CSL
3900,CSL
3901,CSL
3902,CSL
3903,CSL
3904,CSL
3905,CSL
3906,CSL
3907,CSL
3908,CSL
3909,YHH
3910,YHH
3911,YHH
3912,YHH
3913,YHH
3914,YHH
3915,YHH
3916,YHH
3917,YHH
3918,YHH
3919,YHH
3920,YHH
3921,YHH
3922,YHH
3923,YHH
3924,YHH
3925,YHH
3926,YHH
3927,YHH
3928,YHH
3929,YHH
3930,YHH
3931,YHH
3932,YHH
3933,YHH
3934,YHH
3940,CSL
3972,CSL
3973,CSL
3974,CSL
3975,CSL
3976,CSL
3977,CSL
3978,CSL
3979,CSL
3980,CSL
3981,CSL
3982,CSL
3983,CSL
3984,CSL
3985,CSL
3986,CSL
3987,CSL
3988,CSL
3989,CSL
3990,CSL
3991,CSL
3992,CSL
3993,CSL
3994,CSL
3995,CSL
3996,CSL
3997,CSL
3998,CSL
3999,CSL
4000,CSL
4001,CSL
4002,CSL
4003,CSL
4004,CSL
4005,CSL
4006,CSL
4007,CSL
4008,CSL
4009,CSL
4010,CSL
4011,CSL
4012,CSL
4013,CSL
4014,CSL
4015,CSL
4016,CSL
4017,CSL
4018,CSL
4019,CSL
4020,CSL
4021,CSL
4022,CSL
4023,CSL
4024,CSL
4025,CSL
4026,CSL
4027,CSL
4028,CSL
4029,CSL
4030,CSL
4031,CSL
4032,CSL
4033,CSL
4034,CSL
4035,CSL
4036,CSL
4037,YHH
4038,YHH
4039,YHH
4040,YHH
4041,YHH
4042,YHH
4043,YHH
4044,YHH
4045,YHH
4046,YHH
4047,YHH
4048,YHH
4049,YHH
4050,YHH
4051,YHH
4052,YHH
4053,YHH
4054,YHH
4055,YHH
4056,YHH
4057,YHH
4058,YHH
4059,YHH
4103,CSL
4104,CSL
4105,CSL
4106,CSL
4107,CSL
4108,CSL
4109,CSL
4110,CSL
4111,CSL
4112,CSL
4113,CSL
4114,CSL
4115,CSL
4116,CSL
4117,CSL
4118,CSL
4119,CSL
4120,CSL
4121,CSL
4122,CSL
4123,CSL
4124,CSL
4125,CSL
4126,CSL
4127,CSL
4128,CSL
4129,CSL
4130,CSL
4131,CSL
4132,CSL
4133,CSL
4134,CSL
4135,CSL
4136,CSL
4137,CSL
4138,CSL
4139,CSL
4140,CSL
4141,CSL
4142,CSL
4143,CSL
4144,CSL
4145,CSL
4146,CSL
4147,CSL
4148,CSL
4149,CSL
4150,CSL
4151,YHH
4152,CSL
4153,CSL
4154,CSL
4155,CSL
4156,CSL
4157,CSL
4158,CSL
4159,CSL
4160,CSL
4161,CSL
4162,CSL
4163,CSL
4164,YHH
4165,YHH
4166,YHH
4167,YHH
4168,YHH
4169,YHH
4170,YHH
4171,YHH
4172,YHH
4173,YHH
4174,YHH
4175,YHH
4176,YHH
4177,YHH
4178,YHH
4179,YHH
4180,YHH
4181,YHH
4182,YHH
4183,YHH
4184,YHH
4185,YHH
4186,YHH
4187,YHH
4188,YHH
4231,CSL
4232,CSL
4233,CSL
4234,CSL
4235,CSL
4236,CSL
4237,CSL
4238,CSL
4239,CSL
4240,CSL
4241,CSL
4242,CSL
4243,CSL
4244,CSL
4245,CSL
4246,CSL
4247,CSL
4248,CSL
4249,CSL
4250,CSL
4251,CSL
4252,CSL
4253,CSL
4254,CSL
4255,CSL
4256,CSL
4257,CSL
4258,CSL
4259,CSL
4260,CSL
4261,CSL
4262,CSL
4263,CSL
4264,CSL
4265,CSL
4266,CSL
4267,CSL
4268,CSL
4269,CSL
4270,CSL
4271,CSL
4272,CSL
4273,CSL
4274,CSL
4275,CSL
4276,CSL
4277,CSL
4278,CSL
4279,CSL
4280,CSL
4281,CSL
4282,YHH
4283,YHH
4284,CSL
4285,CSL
4286,CSL
4287,CSL
4288,CSL
4289,CSL
4290,CSL
4291,CSL
4292,YHH
4293,YHH
4294,YHH
4295,YHH
4296,YHH
4297,YHH
4298,YHH
4299,YHH
4300,YHH
4301,YHH
4302,YHH
4303,YHH
4304,YHH
4305,YHH
4306,YHH
4307,YHH
4308,YHH
4309,YHH
4310,YHH
4311,YHH
4312,YHH
4313,YHH
4314,YHH
4315,YHH
4316,YHH
4317,YHH
4318,YHH
4322,YHH
4358,CSL
4359,CSL
4360,CSL
4361,CSL
4362,CSL
4363,CSL
4364,CSL
4365,CSL
4366,CSL
4367,CSL
4368,CSL
4369,CSL
4370,CSL
4371,CSL
4372,CSL
4373,CSL
4374,CSL
4375,CSL
4376,CSL
4377,CSL
4378,CSL
4379,CSL
4380,CSL
4381,CSL
4382,CSL
4383,CSL
4384,CSL
4385,CSL
4386,CSL
4387,CSL
4388,CSL
4389,CSL
4390,CSL
4391,CSL
4392,CSL
4393,CSL
4394,CSL
4395,CSL
4396,CSL
4397,CSL
4398,CSL
4399,CSL
4400,CSL
4401,CSL
4402,CSL
4403,CSL
4404,CSL
4405,CSL
4406,CSL
4407,CSL
4408,CSL
4409,CSL
4410,CSL
4411,YHH
4412,YHH
4413,YHH
4414,CSL
4415,CSL
4416,YHH
4417,YHH
4418,YHH
4419,YHH
4420,YHH
4421,YHH
4422,YHH
4423,YHH
4424,YHH
4425,YHH
4426,YHH
4427,YHH
4428,YHH
4429,YHH
4430,YHH
4431,YHH
4432,YHH
4433,YHH
4434,YHH
4435,YHH
4436,YHH
4437,YHH
4438,YHH
4439,YHH
4440,YHH
4441,YHH
4442,YHH
4443,YHH
4444,YHH
4445,YHH
4446,YHH
4449,YHH
4450,YHH
4451,YHH
4452,YHH
4453,YHH
4488,CSL
4489,CSL
4490,CSL
4491,CSL
4492,CSL
4493,CSL
4494,CSL
4495,CSL
4496,CSL
4497,CSL
4498,CSL
4499,CSL
4500,CSL
4501,CSL
4502,CSL
4503,CSL
4504,CSL
4505,CSL
4506,CSL
4507,CSL
4508,CSL
4509,CSL
4510,CSL
4511,CSL
4512,CSL
4513,CSL
4514,CSL
4515,CSL
4516,CSL
4517,CSL
4518,CSL
4519,CSL
4520,CSL
4521,CSL
4522,CSL
4523,CSL
4524,CSL
4525,CSL
4526,CSL
4527,CSL
4528,CSL
4529,CSL
4530,CSL
4531,CSL
4532,CSL
4533,CSL
4534,CSL
4535,CSL
4536,CSL
4537,CSL
4538,CSL
4539,YHH
4540,YHH
4541,YHH
4542,YHH
4543,YHH
4544,YHH
4545,YHH
4546,YHH
4547,YHH
4548,YHH
4549,YHH
4550,YHH
4551,YHH
4552,YHH
4553,YHH
4554,YHH
4555,YHH
4556,YHH
4557,YHH
4558,YHH
4559,YHH
4560,YHH
4561,YHH
4562,YHH
4563,YHH
4564,YHH
4565,YHH
4566,YHH
4567,YHH
4568,YHH
4569,YHH
4570,YHH
4571,YHH
4572,YHH
4573,YHH
4574,YHH
4575,YHH
4576,YHH
4577,YHH
4578,YHH
4579,YHH
4617,CSL
4618,CSL
4619,CSL
4620,CSL
4621,CSL
4622,CSL
4623,CSL
4624,CSL
4625,CSL
4626,CSL
4627,CSL
4628,CSL
4629,CSL
4630,CSL
4631,CSL
4632,CSL
4633,CSL
4634,CSL
4635,CSL
4636,CSL
4637,CSL
4638,CSL
4639,CSL
4640,CSL
4641,CSL
4642,CSL
4643,CSL
4644,CSL
4645,CSL
4646,CSL
4647,CSL
4648,CSL
4649,CSL
4650,CSL
4651,CSL
4652,CSL
4653,CSL
4654,CSL
4655,CSL
4656,CSL
4657,CSL
4658,CSL
4659,CSL
4660,CSL
4661,CSL
4662,CSL
4663,CSL
4664,CSL
4665,CSL
4666,YHH
4667,YHH
4668,YHH
4669,YHH
4670,YHH
4671,YHH
4672,YHH
4673,YHH
4674,YHH
4675,YHH
4676,YHH
4677,YHH
4678,YHH
4679,YHH
4680,YHH
4681,YHH
4682,YHH
4683,YHH
4684,YHH
4685,YHH
4686,YHH
4687,YHH
4688,YHH
4689,YHH
4690,YHH
4691,YHH
4692,YHH
4693,YHH
4694,YHH
4695,YHH
4696,YHH
4697,YHH
4698,YHH
4699,YHH
4700,YHH
4701,YHH
4702,YHH
4703,YHH
4704,YHH
4705,YHH
4746,CSL
4747,CSL
4748,CSL
4749,CSL
4750,CSL
4751,CSL
4752,CSL
4753,CSL
4754,CSL
4755,CSL
4756,CSL
4757,CSL
4758,CSL
4759,CSL
4760,CSL
4761,CSL
4762,CSL
4763,CSL
4764,CSL
4765,CSL
4766,CSL
4767,CSL
4768,CSL
4769,CSL
4770,CSL
4771,CSL
4772,CSL
4773,CSL
4774,CSL
4775,CSL
4776,CSL
4777,CSL
4778,CSL
4779,CSL
4780,CSL
4781,CSL
4782,CSL
4783,CSL
4784,CSL
4785,CSL
4786,CSL
4787,CSL
4788,CSL
4789,CSL
4790,CSL
4791,CSL
4792,YHH
4793,YHH
4794,YHH
4795,YHH
4796,YHH
4797,YHH
4798,YHH
4799,YHH
4800,YHH
4801,YHH
4802,YHH
4803,YHH
4804,YHH
4805,YHH
4806,YHH
4807,YHH
4808,YHH
4809,YHH
4810,YHH
4811,YHH
4812,YHH
4813,YHH
4814,YHH
4815,YHH
4816,YHH
4817,YHH
4818,YHH
4819,YHH
4820,YHH
4821,YHH
4822,YHH
4823,YHH
4824,YHH
4825,YHH
4826,YHH
4827,YHH
4828,YHH
4829,YHH
4830,YHH
4831,YHH
4832,YHH
4877,CSL
4878,CSL
4879,CSL
4880,CSL
4881,CSL
4882,CSL
4883,CSL
4884,CSL
4885,CSL
4886,CSL
4887,CSL
4888,CSL
4889,CSL
4890,CSL
4891,CSL
4892,CSL
4893,CSL
4894,CSL
4895,CSL
4896,CSL
4897,CSL
4898,CSL
4899,CSL
4900,CSL
4901,CSL
4902,CSL
4903,YZR
4904,YZR
4905,YZR
4906,YZR
4907,YZR
4908,YZR
4909,YZR
4910,YZR
4911,YZR
4912,CSL
4913,YHH
4914,YHH
4915,YHH
4916,YHH
4917,CSL
4918,CSL
4919,CSL
4920,YHH
4921,YHH
4922,YHH
4923,YHH
4924,YHH
4925,YHH
4926,YHH
4927,YHH
4928,YHH
4929,YHH
4930,YHH
4931,YHH
4932,YHH
4933,YHH
4934,YHH
4935,YHH
4936,YHH
4937,YHH
4938,YHH
4939,YHH
4940,YHH
4941,YHH
4942,YHH
4943,YHH
4944,YHH
4945,YHH
4946,YHH
4947,YHH
4948,YHH
4949,YHH
4950,YHH
4951,YHH
4952,YHH
4953,YHH
4954,YHH
4955,YHH
4956,YHH
4957,YHH
4958,YHH
4959,YHH
5005,CSL
5006,CSL
5007,CSL
5008,CSL
5009,CSL
5010,CSL
5011,CSL
5012,CSL
5013,CSL
5014,CSL
5015,CSL
5016,CSL
5017,CSL
5018,CSL
5019,CSL
5020,CSL
5021,CSL
5022,CSL
5023,CSL
5024,CSL
5025,CSL
5026,CSL
5027,CSL
5028,CSL
5029,CSL
5030,CSL
5031,YZR
5032,YZR
5033,YZR
5034,YZR
5035,YZR
5036,YZR
5037,YZR
5038,YZR
5039,YZR
5040,YZR
5041,YHH
5042,YHH
5043,YHH
5044,YHH
5045,YHH
5046,YHH
5047,YHH
5048,YHH
5049,YHH
5050,YHH
5051,YHH
5052,YHH
5053,YHH
5054,YHH
5055,YHH
5056,YHH
5057,YHH
5058,YHH
5059,YHH
5060,YHH
5061,YHH
5062,YHH
5063,YHH
5064,YHH
5065,YHH
5066,YHH
5067,YHH
5068,YHH
5069,YHH
5070,YHH
5071,YHH
5072,YHH
5073,YHH
5074,YHH
5075,YHH
5076,YHH
5077,YHH
5078,YHH
5079,YHH
5080,YHH
5081,YHH
5082,YHH
5083,YHH
5084,YHH
5085,YHH
5086,YHH
5087,YHH
5135,CSL
5136,CSL
5137,CSL
5138,CSL
5139,CSL
5140,CSL
5141,CSL
5142,CSL
5143,CSL
5144,CSL
5145,CSL
5146,CSL
5147,CSL
5148,CSL
5149,CSL
5150,CSL
5151,CSL
5152,CSL
5153,CSL
5154,CSL
5155,CSL
5156,CSL
5157,CSL
5158,YZR
5159,YZR
5160,YZR
5161,YZR
5162,YZR
5163,YZR
5164,YZR
5165,YZR
5166,YZR
5167,YZR
5168,YZR
5169,YZR
5170,YZR
5171,YHH
5172,YHH
5173,YHH
5174,YHH
5175,YHH
5176,YHH
5177,YHH
5178,YHH
5179,YHH
5180,YHH
5181,YHH
5182,YHH
5183,YZR
5184,YZR
5185,YZR
5186,YZR
5187,YZR
5188,YZR
5189,YZR
5190,YZR
5191,YHH
5192,YHH
5193,YHH
5194,YHH
5195,YHH
5196,YHH
5197,YHH
5198,YHH
5199,YHH
5200,YHH
5201,YHH
5202,YHH
5203,YHH
5204,YHH
5205,YHH
5206,YHH
5207,YHH
5208,YHH
5209,YHH
5210,YHH
5211,YHH
5212,YHH
5213,YHH
5214,YHH
5215,YHH
5216,YHH
5217,YHH
5263,CSL
5264,CSL
5265,CSL
5266,CSL
5267,CSL
5268,CSL
5269,CSL
5270,CSL
5271,CSL
5272,CSL
5273,CSL
5274,CSL
5275,CSL
5276,CSL
5277,CSL
5278,CSL
5279,CSL
5280,CSL
5281,CSL
5282,CSL
5283,CSL
5284,CSL
5285,CSL
5286,YZR
5287,YZR
5288,YZR
5289,YZR
5290,YZR
5291,YZR
5292,YZR
5293,YZR
5294,YZR
5295,YZR
5296,YZR
5297,YZR
5298,YZR
5299,YZR
5300,YZR
5301,YZR
5302,YHH
5303,YHH
5304,YHH
5305,YHH
5306,YHH
5307,YHH
5308,YHH
5309,YHH
5310,YHH
5311,YZR
5312,YZR
5313,YZR
5314,YZR
5315,YZR
5316,YZR
5317,YZR
5318,YZR
5319,YZR
5320,YZR
5321,YZR
5322,YZR
5323,YZR
5324,YZR
5325,YZR
5326,YZR
5327,YZR
5328,YHH
5329,YHH
5330,YHH
5331,YHH
5332,YHH
5333,YHH
5334,YHH
5335,YHH
5336,YHH
5337,YHH
5338,YHH
5339,YHH
5340,YHH
5341,YHH
5342,YHH
5343,YHH
5344,YHH
5345,YHH
5391,CSL
5392,CSL
5393,CSL
5394,CSL
5395,CSL
5396,CSL
5397,CSL
5398,CSL
5399,CSL
5400,CSL
5401,CSL
5402,CSL
5403,CSL
5404,CSL
5405,CSL
5406,CSL
5407,CSL
5408,CSL
5409,CSL
5410,CSL
5411,CSL
5412,CSL
5413,CSL
5414,CSL
5415,CSL
5416,YZR
5417,YZR
5418,YZR
5419,YZR
5420,YZR
5421,SWRB
5422,SWRB
5423,SWRB
5424,SWRB
5425,YZR
5426,YZR
5427,YZR
5428,YZR
5429,YZR
5430,YZR
5431,YHH
5432,YHH
5433,YZR
5434,YZR
5435,YZR
5436,YHH
5437,YHH
5438,YHH
5439,YHH
5440,YZR
5441,YZR
5442,YZR
5443,YZR
5444,YZR
5445,YZR
5446,YZR
5447,YZR
5448,YZR
5449,YZR
5450,YZR
5451,YZR
5452,YZR
5453,YZR
5454,YZR
5455,YZR
5456,YZR
5457,YZR
5458,YZR
5459,YHH
5460,YHH
5461,YHH
5462,YHH
5463,YHH
5464,YHH
5465,YHH
5466,YHH
5467,YHH
5468,YHH
5469,YHH
5470,YHH
5471,YHH
5472,YHH
5473,YHH
5520,CSL
5521,CSL
5522,CSL
5523,CSL
5524,CSL
5525,CSL
5526,CSL
5527,CSL
5528,CSL
5529,CSL
5530,CSL
5531,CSL
5532,CSL
5533,CSL
5534,CSL
5535,CSL
5536,CSL
5537,CSL
5538,CSL
5539,CSL
5540,CSL
5541,CSL
5542,CSL
5543,CSL
5544,CSL
5545,YZR
5546,YZR
5547,YZR
5548,YZR
5549,YZR
5550,SWRB
5551,SWRB
5552,SWRB
5553,SWRB
5554,SWRB
5555,YZR
5556,YZR
5557,YZR
5558,YZR
5559,YZR
5560,YZR
5561,YZR
5562,YZR
5563,YZR
5564,YZR
5565,YHH
5566,YHH
5567,YZR
5568,YZR
5569,YZR
5570,YZR
5571,YZR
5572,YZR
5573,YZR
5574,YZR
5575,YZR
5576,YZR
5577,YZR
5578,YZR
5579,YZR
5580,YZR
5581,YZR
5582,YZR
5583,YZR
5584,YZR
5585,YZR
5586,YZR
5587,YZR
5588,YHH
5589,YHH
5590,YHH
5591,YHH
5592,YHH
5593,YHH
5594,YHH
5595,YHH
5596,YHH
5597,YHH
5598,YHH
5599,YHH
5600,YHH
5601,YHH
5602,YHH
5646,SWRB
5647,SWRB
5648,SWRB
5649,SWRB
5650,SWRB
5651,SWRB
5652,CSL
5653,CSL
5654,CSL
5655,CSL
5656,CSL
5657,CSL
5658,CSL
5659,CSL
5660,CSL
5661,CSL
5662,CSL
5663,CSL
5664,CSL
5665,CSL
5666,CSL
5667,CSL
5668,CSL
5669,CSL
5670,CSL
5671,CSL
5672,CSL
5673,SWRB
5674,SWRB
5675,SWRB
5676,SWRB
5677,SWRB
5678,SWRB
5679,SWRB
5680,SWRB
5681,SWRB
5682,SWRB
5683,SWRB
5684,SWRB
5685,YZR
5686,YZR
5687,YZR
5688,YZR
5689,YZR
5690,YZR
5691,YZR
5692,YZR
5693,YZR
5694,YZR
5695,YZR
5696,YZR
5697,YZR
5698,YZR
5699,YZR
5700,YZR
5701,YZR
5702,YZR
5703,YZR
5704,YZR
5705,YZR
5706,YZR
5707,YZR
5708,YZR
5709,YZR
5710,YZR
5711,YZR
5712,YZR
5713,YZR
5714,YZR
5715,YZR
5716,YHH
5717,YHH
5718,YHH
5719,YHH
5720,YHH
5721,YHH
5722,YHH
5723,YHH
5724,YHH
5725,YZR
5726,YZR
5727,YZR
5728,YZR
5729,YZR
5730,YZR
5731,YZR
5774,SWRB
5775,SWRB
5776,SWRB
5777,SWRB
5778,SWRB
5779,SWRB
5780,SWRB
5781,CSL
5782,CSL
5783,CSL
5784,CSL
5785,CSL
5786,CSL
5787,CSL
5788,CSL
5789,CSL
5790,CSL
5791,CSL
5792,CSL
5793,CSL
5794,CSL
5795,CSL
5796,CSL
5797,CSL
5798,CSL
5799,CSL
5800,SWRB
5801,SWRB
5802,SWRB
5803,SWRB
5804,SWRB
5805,SWRB
5806,SWRB
5807,SWRB
5808,SWRB
5809,SWRB
5810,SWRB
5811,SWRB
5812,SWRB
5813,YZR
5814,YZR
5815,YZR
5816,YZR
5817,YZR
5818,YZR
5819,YZR
5820,YZR
5821,YZR
5822,YZR
5823,YZR
5824,YZR
5825,YZR
5826,YZR
5827,YZR
5828,YZR
5829,YZR
5830,YZR
5831,YZR
5832,YZR
5833,YZR
5834,YZR
5835,YZR
5836,YZR
5837,YZR
5838,YZR
5839,YZR
5840,YZR
5841,YZR
5842,YZR
5843,YZR
5844,YZR
5845,YZR
5846,YHH
5847,YHH
5848,YHH
5849,YHH
5850,YHH
5851,YZR
5852,YZR
5853,YZR
5854,YZR
5855,YZR
5856,YZR
5857,YZR
5858,YZR
5860,YZR
5903,SWRB
5904,SWRB
5905,SWRB
5906,SWRB
5907,SWRB
5908,SWRB
5909,CSL
5910,CSL
5911,CSL
5912,CSL
5913,CSL
5914,CSL
5915,CSL
5916,CSL
5917,CSL
5918,CSL
5919,CSL
5920,CSL
5921,CSL
5922,CSL
5923,CSL
5924,CSL
5925,CSL
5926,CSL
5927,CSL
5928,SWRB
5929,SWRB
5930,SWRB
5931,SWRB
5932,SWRB
5933,SWRB
5934,SWRB
5935,SWRB
5936,SWRB
5937,SWRB
5938,SWRB
5939,SWRB
5940,YZR
5941,YZR
5942,YZR
5943,YZR
5944,YZR
5945,YZR
5946,YZR
5947,YZR
5948,YZR
5949,YZR
5950,YZR
5951,YZR
5952,YZR
5953,YZR
5954,YZR
5955,YZR
5956,YZR
5957,YZR
5958,YZR
5959,YZR
5960,YZR
5961,YZR
5962,YZR
5963,YZR
5964,YZR
5965,YZR
5966,YZR
5967,YZR
5968,YZR
5969,YZR
5970,YZR
5971,YZR
5972,YZR
5973,YZR
5974,YZR
5975,YZR
5976,YHH
5977,YHH
5978,YZR
5979,YZR
5980,YZR
5981,YZR
5982,YZR
5983,YZR
5984,YZR
5985,YZR
5986,YZR
5987,YZR
6033,SWRB
6034,SWRB
6035,SWRB
6036,SWRB
6037,SWRB
6038,SWRB
6039,SWRB
6040,SWRB
6041,CSL
6042,CSL
6043,CSL
6044,CSL
6045,CSL
6046,CSL
6047,CSL
6048,CSL
6049,CSL
6050,CSL
6051,CSL
6052,CSL
6053,CSL
6054,CSL
6055,CSL
6056,SWRB
6057,SWRB
6058,SWRB
6059,SWRB
6060,SWRB
6061,SWRB
6062,SWRB
6063,SWRB
6064,SWRB
6065,SWRB
6066,SWRB
6067,SWRB
6068,SWRB
6069,YZR
6070,YZR
6071,YZR
6072,YZR
6073,YZR
6074,YZR
6075,YZR
6076,YZR
6077,YZR
6078,YZR
6079,YZR
6080,YZR
6081,YZR
6082,YZR
6083,YZR
6084,YZR
6085,YZR
6086,YZR
6087,YZR
6088,YZR
6089,YZR
6090,YZR
6091,YZR
6092,YZR
6093,YZR
6094,YZR
6095,YZR
6096,YZR
6097,YZR
6098,YZR
6099,YZR
6100,YZR
6101,YZR
6102,YZR
6103,YZR
6104,YZR
6105,YZR
6106,YZR
6107,YZR
6108,YZR
6109,YZR
6110,YZR
6111,YZR
6112,YZR
6113,YZR
6114,YZR
6115,YZR
6163,SWRB
6165,SWRB
6166,SWRB
6167,SWRB
6168,SWRB
6169,CSL
6170,CSL
6171,CSL
6172,CSL
6173,CSL
6174,CSL
6175,SWRB
6176,SWRB
6177,SWRB
6178,CSL
6179,SWRB
6180,CSL
6181,SWRB
6182,SWRB
6183,SWRB
6184,SWRB
6185,SWRB
6186,SWRB
6187,SWRB
6188,SWRB
6189,SWRB
6190,SWRB
6191,SWRB
6192,SWRB
6193,SWRB
6194,SWRB
6195,SWRB
6196,SWRB
6197,SWRB
6198,YZR
6199,YZR
6200,YZR
6201,YZR
6202,YZR
6203,YZR
6204,YZR
6205,YZR
6206,YZR
6207,YZR
6208,YZR
6209,YZR
6210,YZR
6211,YZR
6212,YZR
6213,YZR
6214,YZR
6215,YZR
6216,YZR
6217,YZR
6218,YZR
6219,YZR
6220,YZR
6221,YZR
6222,YZR
6223,YZR
6224,YZR
6225,YZR
6226,YZR
6227,YZR
6228,YZR
6229,YZR
6230,YZR
6231,YZR
6232,YZR
6233,YZR
6234,YZR
6235,YZR
6236,YZR
6237,YZR
6238,YZR
6239,PSE
6240,YZR
6241,PSE
6243,PSE
6295,SWRB
6296,SWRB
6297,SWRB
6298,SWRB
6299,SWRB
6300,CSL
6301,SWRB
6302,CSL
6303,SWRB
6304,SWRB
6305,SWRB
6306,SWRB
6307,SWRB
6308,SWRB
6309,SWRB
6310,SWRB
6311,SWRB
6312,SWRB
6313,SWRB
6314,SWRB
6315,SWRB
6316,SWRB
6317,SWRB
6318,SWRB
6319,SWRB
6320,SWRB
6321,SWRB
6322,SWRB
6323,SWRB
6324,SWRB
6325,SWRB
6326,YZR
6327,YZR
6328,YZR
6329,YZR
6330,YZR
6331,YZR
6332,YZR
6333,YZR
6334,YZR
6335,YZR
6336,YZR
6337,YZR
6338,YZR
6339,YZR
6340,YZR
6341,YZR
6342,YZR
6343,YZR
6344,YZR
6345,YZR
6346,YZR
6347,YZR
6348,YZR
6349,YZR
6350,YZR
6351,YZR
6352,YZR
6353,YZR
6354,YZR
6355,YZR
6356,YZR
6357,YZR
6358,YZR
6359,YZR
6360,YZR
6361,YZR
6362,YZR
6363,YZR
6364,YZR
6365,PSE
6366,PSE
6367,PSE
6368,PSE
6369,PSE
6370,PSE
6371,PSE
6372,PSE
6424,SWRB
6425,SWRB
6426,SWRB
6427,SWRB
6428,SWRB
6429,SWRB
6430,SWRB
6431,SWRB
6432,SWRB
6433,SWRB
6434,SWRB
6435,SWRB
6436,SWRB
6437,SWRB
6438,SWRB
6439,SWRB
6440,SWRB
6441,SWRB
6442,SWRB
6443,SWRB
6444,SWRB
6445,SWRB
6446,SWRB
6447,SWRB
6448,SWRB
6449,SWRB
6450,SWRB
6451,SWRB
6452,SWRB
6453,SWRB
6454,YZR
6455,YZR
6456,YZR
6457,YZR
6458,YZR
6459,YZR
6460,YZR
6461,YZR
6462,YZR
6463,YZR
6464,YZR
6465,YZR
6466,YZR
6467,YZR
6468,YZR
6469,YZR
6470,YZR
6471,YZR
6472,YZR
6473,YZR
6474,YZR
6475,YZR
6476,YZR
6477,YZR
6478,YZR
6479,YZR
6480,YZR
6481,YZR
6482,YZR
6483,YZR
6484,YZR
6485,YZR
6486,YZR
6487,YZR
6488,YZR
6489,YZR
6490,YZR
6491,YZR
6492,YZR
6493,PSE
6494,PSE
6495,PSE
6496,PSE
6497,PSE
6498,PSE
6499,PSE
6500,PSE
6554,SWRB
6555,SWRB
6556,SWRB
6557,SWRB
6558,SWRB
6559,SWRB
6560,SWRB
6561,SWRB
6562,SWRB
6563,SWRB
6564,SWRB
6565,SWRB
6566,SWRB
6567,SWRB
6568,SWRB
6569,SWRB
6570,SWRB
6571,SWRB
6572,SWRB
6573,SWRB
6574,SWRB
6575,SWRB
6576,SWRB
6577,SWRB
6578,SWRB
6579,SWRB
6580,SWRB
6581,SWRB
6582,SWRB
6583,YZR
6584,YZR
6585,YZR
6586,YZR
6587,YZR
6588,YZR
6589,YZR
6590,YZR
6591,YZR
6592,YZR
6593,YZR
6594,YZR
6595,YZR
6596,YZR
6597,YZR
6598,YZR
6599,YZR
6600,YZR
6601,YZR
6602,YZR
6603,YZR
6604,YZR
6605,YZR
6606,YZR
6607,YZR
6608,YZR
6609,YZR
6610,YZR
6611,YZR
6612,YZR
6613,YZR
6614,YZR
6615,YZR
6616,YZR
6617,YZR
6618,YZR
6619,YZR
6620,YZR
6621,YZR
6622,PSE
6623,PSE
6624,PSE
6625,PSE
6626,PSE
6627,PSE
6684,SWRB
6685,SWRB
6686,SWRB
6687,SWRB
6688,SWRB
6689,SWRB
6690,SWRB
6691,SWRB
6692,SWRB
6693,SWRB
6694,SWRB
6695,SWRB
6696,SWRB
6697,SWRB
6698,SWRB
6699,SWRB
6700,SWRB
6701,SWRB
6702,SWRB
6703,SWRB
6705,SWRB
6706,SWRB
6707,SWRB
6709,SWRB
6710,SWRB
6711,YZR
6712,YZR
6713,YZR
6714,YZR
6715,YZR
6716,YZR
6717,YZR
6718,YZR
6719,YZR
6720,YZR
6721,YZR
6722,YZR
6723,YZR
6724,YZR
6725,YZR
6726,YZR
6727,YZR
6728,YZR
6729,YZR
6730,YZR
6731,YZR
6732,YZR
6733,YZR
6734,YZR
6735,YZR
6736,YZR
6737,YZR
6738,YZR
6739,YZR
6740,YZR
6741,YZR
6742,YZR
6743,YZR
6744,YZR
6745,YZR
6746,YZR
6747,YZR
6748,YZR
6749,YZR
6750,PSE
6751,PSE
6752,PSE
6753,PSE
6754,PSE
6824,SWRB
6825,SWRB
6826,SWRB
6827,SWRB
6828,SWRB
6829,SWRB
6830,SWRB
6837,SWRB
6838,SWRB
6839,YZR
6840,YZR
6841,YZR
6842,YZR
6843,YZR
6844,YZR
6845,YZR
6846,YZR
6847,YZR
6848,YZR
6849,YZR
6850,YZR
6851,YZR
6852,YZR
6853,YZR
6854,YZR
6855,YZR
6856,YZR
6857,YZR
6858,YZR
6859,YZR
6860,YZR
6861,YZR
6862,YZR
6863,YZR
6864,YZR
6865,YZR
6866,YZR
6867,YZR
6868,YZR
6869,YZR
6870,YZR
6871,YZR
6872,YZR
6873,YZR
6874,YZR
6875,YZR
6876,PSE
6877,PSE
6878,PSE
6879,PSE
6880,PSE
6881,PSE
6953,SWRB
6954,SWRB
6955,SWRB
6956,SWRB
6966,SWRB
6967,SWRB
6968,YZR
6969,YZR
6970,YZR
6971,YZR
6972,YZR
6973,YZR
6974,YZR
6975,YZR
6976,YZR
6977,YZR
6978,YZR
6979,YZR
6980,YZR
6981,YZR
6982,YZR
6983,YZR
6984,YZR
6985,YZR
6986,YZR
6987,YZR
6988,YZR
6989,YZR
6990,YZR
6991,YZR
6992,YZR
6993,YZR
6994,YZR
6995,YZR
6996,YZR
6997,YZR
6998,YZR
6999,YZR
7000,YZR
7001,YZR
7002,YZR
7003,PSE
7004,PSE
7005,PSE
7006,PSE
7007,PSE
7008,PSE
7095,SWRB
7096,YZR
7097,YZR
7098,YZR
7099,YZR
7100,YZR
7101,YZR
7102,YZR
7103,YZR
7104,YZR
7105,PSE
7106,YZR
7107,YZR
7108,YZR
7109,YZR
7110,YZR
7111,YZR
7112,YZR
7113,YZR
7114,YZR
7115,YZR
7116,YZR
7117,YZR
7118,YZR
7119,YZR
7120,YZR
7121,YZR
7122,YZR
7123,YZR
7124,YZR
7125,YZR
7126,YZR
7127,YZR
7128,YZR
7129,YZR
7130,PSE
7131,PSE
7132,PSE
7133,PSE
7134,PSE
7135,PSE
7136,PSE
7222,SWRB
7223,SWRB
7224,SWRB
7225,YZR
7226,YZR
7227,YZR
7228,YZR
7229,YZR
7230,YZR
7231,YZR
7232,YZR
7233,PSE
7234,PSE
7235,PSE
7236,YZR
7237,YZR
7238,PSE
7239,PSE
7240,YZR
7241,PSE
7242,YZR
7243,YZR
7244,YZR
7245,YZR
7246,YZR
7247,YZR
7248,YZR
7249,YZR
7250,YZR
7251,YZR
7252,YZR
7253,YZR
7254,YZR
7255,YZR
7256,YZR
7257,YZR
7258,PSE
7259,PSE
7260,PSE
7261,PSE
7262,PSE
7263,PSE
7350,SWRB
7351,SWRB
7352,SWRB
7353,SWRB
7354,YZR
7355,YZR
7356,YZR
7357,YZR
7358,YZR
7359,YZR
7360,YZR
7361,PSE
7362,PSE
7363,PSE
7364,PSE
7365,PSE
7366,PSE
7367,PSE
7368,PSE
7369,PSE
7370,PSE
7371,PSE
7372,PSE
7373,PSE
7374,YZR
7375,YZR
7376,YZR
7377,YZR
7378,YZR
7379,YZR
7380,YZR
7381,YZR
7382,YZR
7383,YZR
7384,YZR
7385,PSE
7386,PSE
7387,PSE
7388,PSE
7389,PSE
7390,PSE
7391,PSE
7477,SWRB
7478,SWRB
7479,SWRB
7480,SWRB
7481,SWRB
7482,SWRB
7483,YZR
7484,YZR
7485,SWRB
7486,YZR
7487,PSE
7488,PSE
7489,PSE
7490,PSE
7491,PSE
7492,PSE
7493,PSE
7494,PSE
7495,PSE
7496,PSE
7497,PSE
7498,PSE
7499,PSE
7500,PSE
7501,PSE
7502,YZR
7503,YZR
7504,YZR
7505,YZR
7506,PSE
7507,PSE
7508,PSE
7509,PSE
7510,YZR
7511,YZR
7512,YZR
7513,PSE
7514,PSE
7515,PSE
7516,PSE
7517,PSE
7518,PSE
7519,PSE
7604,SWRB
7605,SWRB
7606,SWRB
7607,SWRB
7608,SWRB
7609,SWRB
7610,SWRB
7611,SWRB
7612,SWRB
7613,SWRB
7614,YZR
7615,PSE
7616,PSE
7617,PSE
7618,PSE
7619,PSE
7620,PSE
7621,PSE
7622,PSE
7623,PSE
7624,PSE
7625,PSE
7626,PSE
7627,PSE
7628,PSE
7629,PSE
7630,PSE
7631,PSE
7632,PSE
7633,PSE
7634,PSE
7635,PSE
7636,PSE
7637,PSE
7638,YZR
7639,PSE
7640,PSE
7641,PSE
7642,PSE
7643,PSE
7644,PSE
7645,PSE
7646,PSE
7733,SWRB
7734,SWRB
7735,SWRB
7736,SWRB
7737,SWRB
7738,SWRB
7739,SWRB
7740,SWRB
7741,SWRB
7742,PSE
7743,PSE
7744,PSE
7745,PSE
7746,PSE
7747,PSE
7748,PSE
7749,PSE
7750,PSE
7751,PSE
7752,PSE
7753,PSE
7754,PSE
7755,PSE
7756,PSE
7757,PSE
7758,PSE
7759,PSE
7760,PSE
7761,PSE
7762,PSE
7763,PSE
7764,PSE
7765,PSE
7766,PSE
7767,PSE
7768,PSE
7769,PSE
7770,PSE
7771,PSE
7772,PSE
7863,SWRB
7864,SWRB
7865,SWRB
7866,SWRB
7867,SWRB
7868,SWRB
7869,SWRB
7870,SWRB
7871,PSE
7872,SWRB
7873,PSE
7874,PSE
7875,PSE
7876,PSE
7877,PSE
7878,PSE
7879,PSE
7880,PSE
7881,PSE
7882,PSE
7883,PSE
7884,PSE
7885,PSE
7886,PSE
7887,PSE
7888,PSE
7889,PSE
7890,PSE
7891,PSE
7892,PSE
7893,PSE
7894,PSE
7895,PSE
7896,PSE
7897,PSE
7898,PSE
7899,PSE
7991,SWRB
7992,SWRB
7993,SWRB
7994,SWRB
7995,SWRB
7996,SWRB
7997,SWRB
7998,SWRB
7999,PSE
8000,SWRB
8001,SWRB
8002,SWRB
8004,SWRB
8005,PSE
8006,PSE
8007,PSE
8008,PSE
8009,PSE
8010,PSE
8011,PSE
8012,PSE
8013,PSE
8014,PSE
8015,PSE
8016,PSE
8017,PSE
8018,PSE
8019,PSE
8020,PSE
8021,PSE
8022,PSE
8023,PSE
8024,PSE
8025,PSE
8120,SWRB
8121,SWRB
8122,SWRB
8123,SWRB
8124,SWRB
8125,SWRB
8126,SWRB
8127,SWRB
8128,SWRB
8135,PSE
8136,PSE
8137,PSE
8138,PSE
8139,PSE
8140,PSE
8141,PSE
8142,PSE
8143,PSE
8144,PSE
8145,PSE
8146,PSE
8147,PSE
8149,PSE
8247,SWRB
8248,SWRB
8249,SWRB
8250,SWRB
8251,SWRB
8262,PSE
8263,PSE
8264,PSE
8265,PSE
8266,PSE
8267,PSE
8268,PSE
8269,PSE
8270,PSE
8271,PSE
8272,PSE
8273,PSE
8274,PSE
8275,PSE
8377,SWRB
8378,SWRB
8379,SWRB
8391,PSE
8392,PSE
8393,PSE
8394,PSE
8395,PSE
8396,PSE
8397,PSE
8398,PSE
8399,PSE
8401,PSE
8507,SWRB
8508,SWRB
8525,PSE
8653,PSE
8908,PSE
8909,PSE
8910,PSE
9034,PSE
9035,PSE
9036,PSE
9037,PSE
9162,PSE
9163,PSE
9164,PSE
9165,PSE
